crash_date,crash_time,borough,zip_code,latitude,longitude,location,on_street_name,off_street_name,cross_street_name,number_of_persons_injured,number_of_persons_killed,number_of_pedestrians_injured,number_of_pedestrians_killed,number_of_cyclist_injured,number_of_cyclist_killed,number_of_motorist_injured,number_of_motorist_killed,contributing_factor_vehicle_1,contributing_factor_vehicle_2,contributing_factor_vehicle_3,contributing_factor_vehicle_4,contributing_factor_vehicle_5,collision_id,vehicle_type_code1,vehicle_type_code2,vehicle_type_code_3,vehicle_type_code_4,vehicle_type_code_5
2021-02-03T00:00:00.000,12:05,BRONX,10463.0,40.877705,-73.90566,"(40.877705, -73.90566)",BROADWAY                        ,KIMBERLY PLACE,,0,0,0,0,0,0,0,0,Unspecified,Unspecified,,,,4073803,Station Wagon/Sport Utility Vehicle,Sedan,,,
2021-01-14T00:00:00.000,10:00,BROOKLYN,11210.0,40.631706,-73.94649,"(40.631706, -73.94649)",AVENUE H                        ,FLATBUSH AVENUE,,0,0,0,0,0,0,0,0,Following Too Closely,Unspecified,,,,4273061,Sedan,Station Wagon/Sport Utility Vehicle,,,
2021-01-01T00:00:00.000,0:13,BROOKLYN,11208.0,40.66045,-73.86719,"(40.66045, -73.86719)",FLATLANDS AVENUE                ,FOUNTAIN AVENUE,,2,0,0,0,0,0,2,0,Driver Inexperience,Unspecified,,,,4380715,Sedan,Station Wagon/Sport Utility Vehicle,,,
2021-01-01T00:00:00.000,3:30,BROOKLYN,11207.0,40.684513,-73.909386,"(40.684513, -73.909386)",MOFFAT STREET                   ,BUSHWICK AVENUE,,0,0,0,0,0,0,0,0,Traffic Control Disregarded,Unspecified,,,,4380728,Station Wagon/Sport Utility Vehicle,,,,
2021-01-01T00:00:00.000,3:25,,,40.70083,-73.93314,"(40.70083, -73.93314)",EVERGREEN AVENUE                ,,,0,0,0,0,0,0,0,0,Tire Failure/Inadequate,Unspecified,,,,4380730,Sedan,Station Wagon/Sport Utility Vehicle,,,
2021-01-01T00:00:00.000,3:10,,,40.70191,-73.93699,"(40.70191, -73.93699)",BUSHWICK AVENUE                 ,,,0,0,0,0,0,0,0,0,Following Too Closely,Unspecified,,,,4380731,Station Wagon/Sport Utility Vehicle,Sedan,,,
2021-01-01T00:00:00.000,6:42,,,40.703667,-73.9269,"(40.703667, -73.9269)",JEFFERSON STREET                ,,,0,0,0,0,0,0,0,0,Fell Asleep,Unspecified,,,,4380732,Sedan,Sedan,,,
2021-01-01T00:00:00.000,5:45,BROOKLYN,11235.0,40.57838,-73.93927,"(40.57838, -73.93927)",,,1519      ORIENTAL BOULEVARD            ,0,0,0,0,0,0,0,0,Unspecified,Unspecified,,,,4380737,Station Wagon/Sport Utility Vehicle,Station Wagon/Sport Utility Vehicle,,,
2021-01-01T00:00:00.000,5:17,MANHATTAN,10029.0,40.799007,-73.94255,"(40.799007, -73.94255)",,,116       EAST 116 STREET               ,2,0,0,0,0,0,2,0,Driver Inattention/Distraction,Unspecified,,,,4380738,Station Wagon/Sport Utility Vehicle,Station Wagon/Sport Utility Vehicle,,,
2021-01-01T00:00:00.000,6:40,,,40.74045,-73.844376,"(40.74045, -73.844376)",LONG ISLAND EXPRESSWAY          ,,,0,0,0,0,0,0,0,0,Driver Inattention/Distraction,Unspecified,,,,4380751,Station Wagon/Sport Utility Vehicle,Sedan,,,
2021-01-01T00:00:00.000,2:45,,,40.74285,-73.830284,"(40.74285, -73.830284)",LONG ISLAND EXPRESSWAY          ,,,1,0,0,0,0,0,1,0,Unsafe Speed,Unspecified,,,,4380754,Sedan,Sedan,,,
2021-01-01T00:00:00.000,4:47,QUEENS,11356.0,40.789284,-73.840805,"(40.789284, -73.840805)",,,127-01    9 AVENUE                      ,0,0,0,0,0,0,0,0,Unspecified,Unspecified,,,,4380755,Sedan,Sedan,Sedan,,
2021-01-01T00:00:00.000,6:30,,,40.729736,-73.833725,"(40.729736, -73.833725)",VAN WYCK EXPWY                  ,,,3,0,0,0,0,0,3,0,Driver Inattention/Distraction,Unspecified,,,,4380756,Sedan,Sedan,,,
2021-01-01T00:00:00.000,6:21,BROOKLYN,11210.0,40.629677,-73.94151,"(40.629677, -73.94151)",BROOKLYN AVENUE                 ,AVENUE I,,0,0,0,0,0,0,0,0,Fell Asleep,Unspecified,,,,4380758,Sedan,Station Wagon/Sport Utility Vehicle,,,
2021-01-01T00:00:00.000,0:38,BROOKLYN,11222.0,40.723274,-73.93927,"(40.723274, -73.93927)",BROOKLYN QNS EXPRESSWAY         ,MORGAN AVENUE,,0,0,0,0,0,0,0,0,Unspecified,,,,,4380761,Sedan,,,,
2021-01-01T00:00:00.000,2:35,BROOKLYN,11222.0,40.731842,-73.95978,"(40.731842, -73.95978)",,,21        INDIA STREET                  ,0,0,0,0,0,0,0,0,Driver Inattention/Distraction,Unspecified,Unspecified,,,4380762,Sedan,Sedan,Station Wagon/Sport Utility Vehicle,,
2021-01-01T00:00:00.000,3:07,,,40.738495,-73.90274,"(40.738495, -73.90274)",BROOKLYN QUEENS EXPRESSWAY      ,,,3,0,0,0,0,0,3,0,Driver Inattention/Distraction,Driver Inattention/Distraction,,,,4380763,Station Wagon/Sport Utility Vehicle,Station Wagon/Sport Utility Vehicle,,,
2021-01-01T00:00:00.000,5:30,BROOKLYN,11236.0,40.63862,-73.89105,"(40.63862, -73.89105)",EAST 100 STREET                 ,AVENUE M,,2,0,0,0,0,0,2,0,Driver Inattention/Distraction,Unspecified,Unspecified,Unspecified,,4380764,Bus,Sedan,Sedan,Station Wagon/Sport Utility Vehicle,
2021-01-01T00:00:00.000,9:22,BROOKLYN,11223.0,40.607033,-73.96938,"(40.607033, -73.96938)",,,445       QUENTIN ROAD                  ,0,0,0,0,0,0,0,0,Unspecified,Unspecified,,,,4380766,Sedan,Sedan,,,
2021-01-01T00:00:00.000,8:00,,,40.8475,-73.86696,"(40.8475, -73.86696)",WHITE PLAINS ROAD               ,RHINELANDER AVENUE,,0,0,0,0,0,0,0,0,Unspecified,,,,,4380767,Sedan,,,,
2021-01-01T00:00:00.000,7:55,,,40.65965,-73.773834,"(40.65965, -73.773834)",ROCKAWAY BOULEVARD              ,NASSAU EXPRESSWAY,,1,0,0,0,0,0,1,0,Driver Inattention/Distraction,Unspecified,,,,4380771,Sedan,Sedan,,,
2021-01-01T00:00:00.000,7:38,,,40.587204,-74.15978,"(40.587204, -74.15978)",NOME AVENUE                     ,PURDUE COURT,,1,0,0,0,0,0,1,0,Driver Inattention/Distraction,Unspecified,,,,4380774,Station Wagon/Sport Utility Vehicle,Station Wagon/Sport Utility Vehicle,,,
2021-01-01T00:00:00.000,10:57,BRONX,10467.0,40.879955,-73.87888,"(40.879955, -73.87888)",,,3415      BAINBRIDGE AVENUE             ,0,0,0,0,0,0,0,0,Unspecified,,,,,4380775,Ambulance,,,,
2021-01-01T00:00:00.000,4:40,QUEENS,11691.0,40.601368,-73.760056,"(40.601368, -73.760056)",ROCKAWAY FREEWAY                ,OCEAN CREST BOULEVARD,,1,2,0,0,0,0,1,2,Unsafe Speed,Unspecified,,,,4380776,Pick-up Truck,Station Wagon/Sport Utility Vehicle,,,
2021-01-01T00:00:00.000,7:46,,,40.859444,-73.915985,"(40.859444, -73.915985)",MAJOR DEEGAN EXPRESSWAY         ,,,2,0,0,0,0,0,2,0,Unsafe Speed,Unspecified,Unspecified,Unspecified,,4380777,Sedan,Station Wagon/Sport Utility Vehicle,Sedan,Sedan,
2021-01-01T00:00:00.000,6:45,,,,,,BROOKVILLE BOULEVARD            ,ROCKAWAY BOULEVARD,,0,0,0,0,0,0,0,0,Pavement Slippery,Pavement Slippery,,,,4380778,Sedan,Sedan,,,
2021-01-01T00:00:00.000,3:15,QUEENS,11434.0,40.665165,-73.767876,"(40.665165, -73.767876)",,,145-51    FARMERS BOULEVARD             ,0,0,0,0,0,0,0,0,Driver Inattention/Distraction,Unspecified,Unspecified,,,4380779,Sedan,Sedan,Station Wagon/Sport Utility Vehicle,,
2021-01-01T00:00:00.000,3:00,QUEENS,11413.0,40.656384,-73.75306,"(40.656384, -73.75306)",230 STREET                      ,148 AVENUE,,0,0,0,0,0,0,0,0,Unspecified,,,,,4380780,Sedan,,,,
2021-01-01T00:00:00.000,2:50,QUEENS,11004.0,40.745,-73.71808,"(40.745, -73.71808)",,,77-26     LITTLE NECK PARKWAY           ,1,0,0,0,0,0,1,0,Steering Failure,,,,,4380781,Sedan,,,,
2021-01-01T00:00:00.000,6:45,MANHATTAN,10017.0,40.752377,-73.97035,"(40.752377, -73.97035)",EAST 46 STREET                  ,2 AVENUE,,0,0,0,0,0,0,0,0,Driver Inexperience,Unspecified,,,,4380782,Station Wagon/Sport Utility Vehicle,Station Wagon/Sport Utility Vehicle,,,
2021-01-01T00:00:00.000,6:45,,,,,,BROOKVILLE BOULEVARD            ,ROCKAWAY BOULEVARD,,0,0,0,0,0,0,0,0,Pavement Slippery,Pavement Slippery,Pavement Slippery,,,4380783,Sedan,Station Wagon/Sport Utility Vehicle,Sedan,,
2021-01-01T00:00:00.000,0:00,QUEENS,11434.0,40.664536,-73.77314,"(40.664536, -73.77314)",,,145-8     175 STREET                    ,0,0,0,0,0,0,0,0,Unspecified,Unspecified,,,,4380785,Station Wagon/Sport Utility Vehicle,Station Wagon/Sport Utility Vehicle,,,
2021-01-01T00:00:00.000,9:20,,,40.660133,-73.76653,"(40.660133, -73.76653)",181 STREET                      ,147 AVENUE,,0,0,0,0,0,0,0,0,Driver Inattention/Distraction,Unspecified,,,,4380786,Sedan,Flat Bed,,,
2021-01-01T00:00:00.000,2:00,QUEENS,11417.0,40.677547,-73.86194,"(40.677547, -73.86194)",,,106-27    75 STREET                     ,0,0,0,0,0,0,0,0,Fell Asleep,Unspecified,Unspecified,Unspecified,,4380787,Sedan,Sedan,Sedan,Station Wagon/Sport Utility Vehicle,
2021-01-01T00:00:00.000,5:30,,,40.643787,-74.018845,"(40.643787, -74.018845)",GOWANUS EXPY (BQE)              ,,,0,0,0,0,0,0,0,0,Unspecified,,,,,4380788,Sedan,,,,
2021-01-01T00:00:00.000,12:00,,,,,,HENRY HUDSON PARKWAY RAMP       ,,,0,0,0,0,0,0,0,0,Tire Failure/Inadequate,,,,,4380790,Station Wagon/Sport Utility Vehicle,,,,
2021-01-01T00:00:00.000,5:25,QUEENS,11368.0,40.736317,-73.857605,"(40.736317, -73.857605)",,,99-49     HORACE HARDING EXPRESSWAY     ,1,0,1,0,0,0,0,0,Driver Inattention/Distraction,,,,,4380791,Pick-up Truck,,,,
2021-01-01T00:00:00.000,5:12,,,,,,TRIBOROUGH BRIDGE               ,,,0,0,0,0,0,0,0,0,Alcohol Involvement,,,,,4380792,Station Wagon/Sport Utility Vehicle,,,,
2021-01-01T00:00:00.000,2:21,QUEENS,11423.0,40.714607,-73.76573,"(40.714607, -73.76573)",195 PLACE                       ,90 AVENUE,,0,0,0,0,0,0,0,0,Driver Inattention/Distraction,Unspecified,Unspecified,,,4380797,Station Wagon/Sport Utility Vehicle,Station Wagon/Sport Utility Vehicle,Sedan,,
2021-01-01T00:00:00.000,11:30,,,,,,VANWYCK EXPRESSWAY              ,109 AVENUE,,1,0,0,0,0,0,1,0,Driver Inattention/Distraction,Unspecified,,,,4380799,Taxi,Sedan,,,
2021-01-01T00:00:00.000,2:30,QUEENS,11434.0,40.68882,-73.786354,"(40.68882, -73.786354)",,,162-01    LINDEN BOULEVARD              ,0,0,0,0,0,0,0,0,Unspecified,Unspecified,Unspecified,Unspecified,Unspecified,4380800,Convertible,Sedan,Station Wagon/Sport Utility Vehicle,Sedan,Sedan
2021-01-01T00:00:00.000,5:10,,,40.628098,-74.11104,"(40.628098, -74.11104)",BEMENT AVENUE                   ,,,1,0,0,0,0,0,1,0,Unspecified,,,,,4380801,Station Wagon/Sport Utility Vehicle,,,,
2021-01-01T00:00:00.000,4:29,QUEENS,11375.0,40.731617,-73.85149,"(40.731617, -73.85149)",64 ROAD                         ,YELLOWSTONE BOULEVARD,,0,0,0,0,0,0,0,0,Alcohol Involvement,Unspecified,,,,4380803,Sedan,Station Wagon/Sport Utility Vehicle,,,
2021-01-01T00:00:00.000,7:40,BROOKLYN,11230.0,40.61196,-73.96816,"(40.61196, -73.96816)",OCEAN PARKWAY                   ,AVENUE O,,1,0,0,0,0,0,1,0,Unspecified,Unspecified,,,,4380807,Station Wagon/Sport Utility Vehicle,Station Wagon/Sport Utility Vehicle,,,
2021-01-01T00:00:00.000,0:39,BROOKLYN,11236.0,40.637676,-73.8925,"(40.637676, -73.8925)",EAST 98 STREET                  ,AVENUE M,,0,0,0,0,0,0,0,0,Unsafe Speed,Unspecified,Unspecified,Unspecified,Unspecified,4380809,Sedan,Sedan,Station Wagon/Sport Utility Vehicle,Station Wagon/Sport Utility Vehicle,Station Wagon/Sport Utility Vehicle
2021-01-01T00:00:00.000,1:02,MANHATTAN,10029.0,40.78744,-73.94478,"(40.78744, -73.94478)",2 AVENUE                        ,EAST 101 STREET,,2,0,2,0,0,0,0,0,Failure to Yield Right-of-Way,,,,,4380810,Taxi,,,,
2021-01-01T00:00:00.000,1:00,QUEENS,11364.0,40.755398,-73.75439,"(40.755398, -73.75439)",CLOVERDALE BOULEVARD            ,53 AVENUE,,0,0,0,0,0,0,0,0,Unspecified,Unspecified,,,,4380812,Sedan,UNKNOWN,,,
2021-01-01T00:00:00.000,1:05,,,40.667313,-73.73926,"(40.667313, -73.73926)",LAURELTON PARKWAY               ,,,3,0,0,0,0,0,3,0,Passing or Lane Usage Improper,Unspecified,,,,4380813,Station Wagon/Sport Utility Vehicle,,,,
2021-01-01T00:00:00.000,14:45,QUEENS,11422.0,40.670815,-73.7304,"(40.670815, -73.7304)",135 AVENUE                      ,245 STREET,,1,0,0,0,0,0,1,0,View Obstructed/Limited,Unspecified,,,,4380816,Station Wagon/Sport Utility Vehicle,Station Wagon/Sport Utility Vehicle,,,
2021-01-01T00:00:00.000,10:40,,,40.766815,-73.83038,"(40.766815, -73.83038)",137 STREET                      ,,,0,0,0,0,0,0,0,0,Passing or Lane Usage Improper,Unspecified,,,,4380818,Ambulance,Station Wagon/Sport Utility Vehicle,,,
2021-01-01T00:00:00.000,8:00,,,40.75603,-73.799866,"(40.75603, -73.799866)",45 AVENUE                       ,,,0,0,0,0,0,0,0,0,Passing or Lane Usage Improper,Unspecified,Unspecified,,,4380819,Sedan,Station Wagon/Sport Utility Vehicle,,,
2021-01-01T00:00:00.000,1:05,QUEENS,11372.0,40.74694,-73.89051,"(40.74694, -73.89051)",75 STREET                       ,ROOSEVELT AVENUE,,1,0,1,0,0,0,0,0,Driver Inattention/Distraction,,,,,4380823,Station Wagon/Sport Utility Vehicle,,,,
2021-01-01T00:00:00.000,8:40,QUEENS,11369.0,,,,,,107-02    GRAND CENTRAL PARKWAY         ,0,0,0,0,0,0,0,0,Driver Inattention/Distraction,Unspecified,,,,4380825,Sedan,Sedan,,,
2021-01-01T00:00:00.000,4:50,QUEENS,11368.0,40.757034,-73.87133,"(40.757034, -73.87133)",NORTHERN BOULEVARD              ,97 STREET,,1,0,0,0,0,0,1,0,Alcohol Involvement,Unspecified,,,,4380826,Sedan,Station Wagon/Sport Utility Vehicle,,,
2021-01-01T00:00:00.000,17:00,QUEENS,11413.0,40.67581,-73.739555,"(40.67581, -73.739555)",FRANCIS LEWIS BOULEVARD         ,MERRICK BOULEVARD,,0,0,0,0,0,0,0,0,Failure to Yield Right-of-Way,Unspecified,,,,4380827,Sedan,E-Scooter,,,
2021-01-01T00:00:00.000,9:15,BROOKLYN,11228.0,40.610588,-74.01274,"(40.610588, -74.01274)",BENSON AVENUE                   ,BAY 7 STREET,,0,0,0,0,0,0,0,0,Alcohol Involvement,Unspecified,,,,4380828,Sedan,Sedan,,,
2021-01-01T00:00:00.000,4:08,BROOKLYN,11211.0,40.71634,-73.950645,"(40.71634, -73.950645)",,,235       MEEKER AVENUE                 ,1,0,0,0,0,0,1,0,Alcohol Involvement,Unspecified,,,,4380829,Sedan,Sedan,,,
2021-01-01T00:00:00.000,6:15,BROOKLYN,11222.0,40.7277,-73.94609,"(40.7277, -73.94609)",,,17A       MOULTRIE STREET               ,0,0,0,0,0,0,0,0,Passing Too Closely,Unspecified,,,,4380830,Sedan,,,,
2021-01-01T00:00:00.000,16:20,,,40.697525,-73.746826,"(40.697525, -73.746826)",116 AVENUE                      ,,,0,0,0,0,0,0,0,0,Unspecified,Unspecified,,,,4380833,Sedan,Sedan,,,
2021-01-01T00:00:00.000,16:10,,,40.679737,-73.76162,"(40.679737, -73.76162)",FARMERS BOULEVARD               ,,,0,0,0,0,0,0,0,0,Backing Unsafely,Unspecified,,,,4380834,Sedan,Station Wagon/Sport Utility Vehicle,,,
2021-01-01T00:00:00.000,19:30,QUEENS,11422.0,40.665558,-73.72985,"(40.665558, -73.72985)",SUNRISE HIGHWAY                 ,HOOK CREEK BOULEVARD,,0,0,0,0,0,0,0,0,Driver Inattention/Distraction,Unspecified,,,,4380836,Station Wagon/Sport Utility Vehicle,Station Wagon/Sport Utility Vehicle,,,
2021-01-01T00:00:00.000,0:05,QUEENS,11691.0,,,,,,146       BEACH 27 STREET               ,0,0,0,0,0,0,0,0,Unspecified,Unspecified,,,,4380837,Sedan,,,,
2021-01-01T00:00:00.000,6:50,,,40.856743,-73.917625,"(40.856743, -73.917625)",MAJOR DEEGAN EXPRESSWAY         ,,,3,0,0,0,0,0,3,0,Unsafe Speed,Tinted Windows,Unspecified,Unspecified,Unspecified,4380839,Station Wagon/Sport Utility Vehicle,Sedan,Station Wagon/Sport Utility Vehicle,Sedan,Sedan
2021-01-01T00:00:00.000,11:45,BRONX,10472.0,40.828533,-73.87968,"(40.828533, -73.87968)",,,1508      WESTCHESTER AVENUE            ,0,0,0,0,0,0,0,0,Fell Asleep,,,,,4380841,Station Wagon/Sport Utility Vehicle,,,,
2021-01-01T00:00:00.000,20:05,,,40.748974,-74.00324,"(40.748974, -74.00324)",WEST 25 STREET                  ,,,1,0,0,0,0,0,1,0,Accelerator Defective,Unspecified,,,,4380843,Sedan,Sedan,,,
2021-01-01T00:00:00.000,18:01,BROOKLYN,11218.0,,,,OCEAN PARKWAY                   ,CORTELYOU ROAD,,0,0,0,0,0,0,0,0,Unspecified,Unspecified,,,,4380845,Sedan,Sedan,,,
2021-01-01T00:00:00.000,14:20,BROOKLYN,11218.0,40.64185,-73.979256,"(40.64185, -73.979256)",,,508       MC DONALD AVENUE              ,0,0,0,0,0,0,0,0,Unspecified,Unspecified,,,,4380846,Sedan,Sedan,,,
2021-01-01T00:00:00.000,19:00,QUEENS,11363.0,40.76229,-73.75711,"(40.76229, -73.75711)",NORTHERN BOULEVARD              ,CROSS ISLAND PARKWAY,,0,0,0,0,0,0,0,0,Driver Inattention/Distraction,,,,,4380847,Sedan,,,,
2021-01-01T00:00:00.000,14:00,BROOKLYN,11204.0,40.61572,-73.97837,"(40.61572, -73.97837)",,,2223      61 STREET                     ,0,0,0,0,0,0,0,0,Unspecified,Unspecified,,,,4380848,Sedan,,,,
2021-01-01T00:00:00.000,21:08,BROOKLYN,11236.0,40.63889,-73.91204,"(40.63889, -73.91204)",GLENWOOD ROAD                   ,EAST 84 STREET,,1,0,0,0,0,0,1,0,Driver Inattention/Distraction,Unspecified,,,,4380851,Sedan,,,,
2021-01-01T00:00:00.000,5:45,BROOKLYN,11230.0,40.622997,-73.975685,"(40.622997, -73.975685)",,,1225      MC DONALD AVENUE              ,0,0,0,0,0,0,0,0,Unspecified,Unspecified,,,,4380856,Station Wagon/Sport Utility Vehicle,Sedan,,,
2021-01-01T00:00:00.000,10:50,,,40.846466,-73.87123,"(40.846466, -73.87123)",BRONX RIVER PARKWAY             ,,,0,0,0,0,0,0,0,0,Driver Inexperience,Unspecified,Unspecified,,,4380858,Sedan,Station Wagon/Sport Utility Vehicle,Station Wagon/Sport Utility Vehicle,,
2021-01-01T00:00:00.000,16:25,QUEENS,11358.0,40.77204,-73.79237,"(40.77204, -73.79237)",UTOPIA PARKWAY                  ,28 AVENUE,,0,0,0,0,0,0,0,0,Unsafe Speed,Unspecified,Unspecified,,,4380859,Sedan,Station Wagon/Sport Utility Vehicle,Station Wagon/Sport Utility Vehicle,,
2021-01-01T00:00:00.000,22:02,,,40.738403,-73.80272,"(40.738403, -73.80272)",LONG ISLAND EXPRESSWAY          ,,,0,0,0,0,0,0,0,0,Pavement Slippery,,,,,4380860,Sedan,,,,
2021-01-01T00:00:00.000,5:30,STATEN ISLAND,10308.0,40.54958,-74.137375,"(40.54958, -74.137375)",HYLAN BOULEVARD                 ,KEEGANS LANE,,0,0,0,0,0,0,0,0,Unspecified,,,,,4380861,Sedan,,,,
2021-01-01T00:00:00.000,6:33,STATEN ISLAND,10304.0,40.603153,-74.0978,"(40.603153, -74.0978)",SPRING STREET                   ,RIDGE AVENUE,,1,0,0,0,0,0,1,0,Driver Inattention/Distraction,Unspecified,,,,4380862,Sedan,Pick-up Truck,,,
2021-01-01T00:00:00.000,12:00,STATEN ISLAND,10306.0,40.557316,-74.11409,"(40.557316, -74.11409)",,,487       MILL ROAD                     ,0,0,0,0,0,0,0,0,Backing Unsafely,Unspecified,,,,4380863,Sedan,,,,
2021-01-01T00:00:00.000,12:30,STATEN ISLAND,10306.0,40.56717,-74.113075,"(40.56717, -74.113075)",,,2656      HYLAN BOULEVARD               ,0,0,0,0,0,0,0,0,Backing Unsafely,Unspecified,,,,4380864,Sedan,Sedan,,,
2021-01-01T00:00:00.000,18:55,,,,,,CLOVE ROAD                      ,RICHMOND ROAD,,0,0,0,0,0,0,0,0,Driver Inattention/Distraction,Unspecified,,,,4380869,Station Wagon/Sport Utility Vehicle,Sedan,,,
2021-01-01T00:00:00.000,15:10,,,40.689674,-73.96614,"(40.689674, -73.96614)",DE KALB AVENUE                  ,,,0,0,0,0,0,0,0,0,Unspecified,,,,,4380870,Sedan,,,,
2021-01-01T00:00:00.000,23:35,,,40.88756,-73.866394,"(40.88756, -73.866394)",BRONX RIVER PARKWAY             ,,,0,0,0,0,0,0,0,0,Following Too Closely,,,,,4380871,Sedan,,,,
2021-01-01T00:00:00.000,23:20,,,40.801125,-73.92988,"(40.801125, -73.92988)",FDR DRIVE                       ,,,0,0,0,0,0,0,0,0,Unsafe Lane Changing,Unspecified,,,,4380872,Sedan,Station Wagon/Sport Utility Vehicle,,,
2021-01-01T00:00:00.000,21:10,,,40.813255,-73.93028,"(40.813255, -73.93028)",EAST 138 STREET                 ,GRAND CONCOURSE,,1,0,0,0,0,0,1,0,Unspecified,Unspecified,,,,4380874,Sedan,Station Wagon/Sport Utility Vehicle,,,
2021-01-02T00:00:00.000,0:41,,,40.72823,-73.83313,"(40.72823, -73.83313)",VAN WYCK EXPWY                  ,,,0,0,0,0,0,0,0,0,Driver Inattention/Distraction,,,,,4380875,Taxi,,,,
2021-01-01T00:00:00.000,7:15,,,40.818047,-73.92246,"(40.818047, -73.92246)",MORRIS AVENUE                   ,,,0,0,0,0,0,0,0,0,Following Too Closely,Unspecified,,,,4380877,Station Wagon/Sport Utility Vehicle,,,,
2021-01-01T00:00:00.000,7:50,,,40.811638,-73.9316,"(40.811638, -73.9316)",MAJOR DEEGAN EXPRESSWAY         ,,,1,0,0,0,0,0,1,0,Alcohol Involvement,Unspecified,,,,4380882,Station Wagon/Sport Utility Vehicle,Station Wagon/Sport Utility Vehicle,,,
2021-01-01T00:00:00.000,17:34,BRONX,10454.0,40.810818,-73.92684,"(40.810818, -73.92684)",,,271       EAST 138 STREET               ,1,0,0,0,1,0,0,0,Unspecified,Unspecified,,,,4380884,Bike,,,,
2021-01-01T00:00:00.000,2:50,BROOKLYN,11205.0,40.691753,-73.966576,"(40.691753, -73.966576)",WASHINGTON AVENUE               ,WILLOUGHBY AVENUE,,0,0,0,0,0,0,0,0,Other Vehicular,Traffic Control Disregarded,,,,4380886,Station Wagon/Sport Utility Vehicle,,,,
2021-01-02T00:00:00.000,1:20,BROOKLYN,11214.0,40.599335,-73.99412,"(40.599335, -73.99412)",BENSON AVENUE                   ,BAY 32 STREET,,0,0,0,0,0,0,0,0,Unspecified,Unspecified,Unspecified,Unspecified,,4380887,Sedan,Sedan,Station Wagon/Sport Utility Vehicle,Station Wagon/Sport Utility Vehicle,
2021-01-02T00:00:00.000,2:05,,,,,,BELT PARKWAY                    ,,,1,0,0,0,0,0,1,0,Unsafe Speed,,,,,4380888,Sedan,,,,
2021-01-01T00:00:00.000,0:45,BROOKLYN,11220.0,40.645245,-74.003006,"(40.645245, -74.003006)",7 AVENUE                        ,45 STREET,,0,0,0,0,0,0,0,0,Driver Inattention/Distraction,Unspecified,,,,4380889,Sedan,,,,
2021-01-01T00:00:00.000,16:45,BROOKLYN,11218.0,40.650173,-73.97383,"(40.650173, -73.97383)",OCEAN PARKWAY                   ,EAST 8 STREET,,0,0,0,0,0,0,0,0,Unspecified,,,,,4380892,Sedan,,,,
2021-01-02T00:00:00.000,4:30,,,,,,GOWANUS RAMP                    ,,,0,0,0,0,0,0,0,0,Pavement Slippery,,,,,4380893,Pick-up Truck,,,,
2021-01-01T00:00:00.000,6:08,,,40.686844,-73.90945,"(40.686844, -73.90945)",DECATUR STREET                  ,,,0,0,0,0,0,0,0,0,Driver Inattention/Distraction,Unspecified,Unspecified,Unspecified,,4380894,Station Wagon/Sport Utility Vehicle,Station Wagon/Sport Utility Vehicle,Station Wagon/Sport Utility Vehicle,Sedan,
2021-01-01T00:00:00.000,14:30,,,40.683228,-73.907135,"(40.683228, -73.907135)",BUSHWICK AVENUE                 ,,,0,0,0,0,0,0,0,0,Driver Inattention/Distraction,Unspecified,,,,4380896,Station Wagon/Sport Utility Vehicle,,,,
2021-01-01T00:00:00.000,9:25,,,,,,BELT PARKWAY                    ,,,1,0,0,0,0,0,1,0,Unsafe Speed,Unsafe Speed,Unspecified,Unspecified,Unspecified,4380898,Sedan,Sedan,Station Wagon/Sport Utility Vehicle,Sedan,Sedan
2021-01-02T00:00:00.000,0:22,,,40.762093,-73.75691,"(40.762093, -73.75691)",CROSS ISLAND PARKWAY            ,,,0,0,0,0,0,0,0,0,Pavement Slippery,,,,,4380899,Sedan,,,,
2021-01-01T00:00:00.000,20:05,QUEENS,11365.0,40.737724,-73.79303,"(40.737724, -73.79303)",,,64-04     UTOPIA PARKWAY                ,0,0,0,0,0,0,0,0,Driver Inattention/Distraction,Unspecified,,,,4380902,Station Wagon/Sport Utility Vehicle,Sedan,,,
2021-01-02T00:00:00.000,4:40,,,40.729736,-73.833725,"(40.729736, -73.833725)",VAN WYCK EXPWY                  ,,,0,0,0,0,0,0,0,0,Obstruction/Debris,,,,,4380903,Sedan,,,,
2021-01-02T00:00:00.000,0:20,,,40.794132,-73.94281,"(40.794132, -73.94281)",3 AVENUE                        ,,,1,0,1,0,0,0,0,0,Failure to Yield Right-of-Way,,,,,4380904,Station Wagon/Sport Utility Vehicle,,,,
2021-01-01T00:00:00.000,0:30,MANHATTAN,10027.0,40.807323,-73.94236,"(40.807323, -73.94236)",,,6         WEST 126 STREET               ,0,0,0,0,0,0,0,0,Passenger Distraction,Unspecified,,,,4380908,Taxi,Taxi,,,
2021-01-01T00:00:00.000,13:00,,,40.597378,-73.94998,"(40.597378, -73.94998)",AVENUE V                        ,,,0,0,0,0,0,0,0,0,Traffic Control Disregarded,Unspecified,,,,4380909,Station Wagon/Sport Utility Vehicle,Station Wagon/Sport Utility Vehicle,,,
2021-01-01T00:00:00.000,17:41,,,40.594364,-73.9609,"(40.594364, -73.9609)",CONEY ISLAND AVENUE             ,,,1,0,0,0,0,0,1,0,Unspecified,Unspecified,,,,4380910,Station Wagon/Sport Utility Vehicle,Station Wagon/Sport Utility Vehicle,,,
2021-01-01T00:00:00.000,21:15,BRONX,10458.0,40.853962,-73.881516,"(40.853962, -73.881516)",,,2405      SOUTHERN BOULEVARD            ,0,0,0,0,0,0,0,0,Passing Too Closely,Unspecified,,,,4380911,Sedan,,,,
2021-01-01T00:00:00.000,1:50,BRONX,10460.0,40.842655,-73.89052,"(40.842655, -73.89052)",EAST 176 STREET                 ,PROSPECT AVENUE,,0,0,0,0,0,0,0,0,Unsafe Speed,Unspecified,Unspecified,Unspecified,Unspecified,4380912,Sedan,Sedan,Sedan,Sedan,Station Wagon/Sport Utility Vehicle
2021-01-01T00:00:00.000,14:00,QUEENS,11433.0,40.69096,-73.7898,"(40.69096, -73.7898)",111 AVENUE                      ,160 STREET,,0,0,0,0,0,0,0,0,Unspecified,,,,,4380913,Sedan,,,,
2021-01-01T00:00:00.000,21:13,,,40.865387,-73.893456,"(40.865387, -73.893456)",EAST 194 STREET                 ,,,0,0,0,0,0,0,0,0,Unspecified,,,,,4380914,Station Wagon/Sport Utility Vehicle,,,,
2021-01-01T00:00:00.000,23:13,QUEENS,11101.0,40.74473,-73.93359,"(40.74473, -73.93359)",VANDAM STREET                   ,THOMSON AVENUE,,0,0,0,0,0,0,0,0,Driver Inattention/Distraction,Driver Inattention/Distraction,,,,4380915,Station Wagon/Sport Utility Vehicle,Station Wagon/Sport Utility Vehicle,,,
2021-01-01T00:00:00.000,22:30,,,40.86804,-73.879105,"(40.86804, -73.879105)",MOSHOLU PARKWAY                 ,SOUTHERN BOULEVARD,,0,0,0,0,0,0,0,0,Driver Inattention/Distraction,Unspecified,,,,4380916,Station Wagon/Sport Utility Vehicle,Station Wagon/Sport Utility Vehicle,,,
2021-01-02T00:00:00.000,2:30,,,40.74084,-73.72681,"(40.74084, -73.72681)",CROSS ISLAND PARKWAY            ,,,0,0,0,0,0,0,0,0,Driver Inattention/Distraction,,,,,4380917,Tractor Truck Diesel,,,,
2021-01-01T00:00:00.000,19:42,,,40.861862,-73.91282,"(40.861862, -73.91282)",WEST FORDHAM ROAD               ,,,0,0,0,0,0,0,0,0,Following Too Closely,Unspecified,,,,4380919,Station Wagon/Sport Utility Vehicle,Sedan,,,
2021-01-01T00:00:00.000,21:18,,,40.865303,-73.89006,"(40.865303, -73.89006)",MARION AVENUE                   ,,,0,0,0,0,0,0,0,0,Passing Too Closely,Unspecified,,,,4380920,Ambulance,Sedan,,,
2021-01-01T00:00:00.000,2:00,BRONX,10467.0,40.859573,-73.86734,"(40.859573, -73.86734)",ASTOR AVENUE                    ,BOSTON ROAD,,1,0,1,0,0,0,0,0,Failure to Yield Right-of-Way,,,,,4380921,Taxi,,,,
2021-01-01T00:00:00.000,9:43,BRONX,10469.0,40.864002,-73.834045,"(40.864002, -73.834045)",,,1806      EAST GUN HILL ROAD            ,1,0,0,0,0,0,1,0,Alcohol Involvement,Unspecified,,,,4380923,Station Wagon/Sport Utility Vehicle,Station Wagon/Sport Utility Vehicle,,,
2021-01-01T00:00:00.000,10:00,BROOKLYN,11211.0,40.712612,-73.94914,"(40.712612, -73.94914)",AINSLIE STREET                  ,LORIMER STREET,,0,0,0,0,0,0,0,0,Traffic Control Disregarded,Unspecified,,,,4380924,Sedan,,,,
2021-01-01T00:00:00.000,7:30,BRONX,10462.0,40.852425,-73.86873,"(40.852425, -73.86873)",BRONX PARK EAST                 ,BRADY AVENUE,,0,0,0,0,0,0,0,0,Unsafe Speed,Unspecified,Unspecified,,,4380925,Station Wagon/Sport Utility Vehicle,Station Wagon/Sport Utility Vehicle,Station Wagon/Sport Utility Vehicle,,
2021-01-02T00:00:00.000,1:30,BROOKLYN,11211.0,40.71121,-73.95898,"(40.71121, -73.95898)",,,218       SOUTH 3 STREET                ,0,0,0,0,0,0,0,0,Driver Inattention/Distraction,Unspecified,Unspecified,Unspecified,,4380926,Station Wagon/Sport Utility Vehicle,Sedan,Station Wagon/Sport Utility Vehicle,Station Wagon/Sport Utility Vehicle,
2021-01-01T00:00:00.000,22:31,BRONX,10462.0,40.845776,-73.863464,"(40.845776, -73.863464)",MORRIS PARK AVENUE              ,WALLACE AVENUE,,0,0,0,0,0,0,0,0,Other Vehicular,Turning Improperly,,,,4380927,Sedan,Station Wagon/Sport Utility Vehicle,,,
2021-01-01T00:00:00.000,4:55,BRONX,10468.0,40.857418,-73.899956,"(40.857418, -73.899956)",GRAND CONCOURSE                 ,EAST 183 STREET,,1,0,0,0,0,0,1,0,Driver Inattention/Distraction,Unspecified,,,,4380928,Sedan,,,,
2021-01-02T00:00:00.000,8:18,BRONX,10457.0,40.85429,-73.90027,"(40.85429, -73.90027)",EAST 181 STREET                 ,RYER AVENUE,,0,0,0,0,0,0,0,0,View Obstructed/Limited,,,,,4380929,Station Wagon/Sport Utility Vehicle,,,,
2021-01-01T00:00:00.000,20:15,QUEENS,11368.0,40.758305,-73.85561,"(40.758305, -73.85561)",NORTHERN BOULEVARD              ,114 STREET,,1,0,0,0,0,0,1,0,Unspecified,Unspecified,,,,4380930,Station Wagon/Sport Utility Vehicle,Station Wagon/Sport Utility Vehicle,,,
2021-01-02T00:00:00.000,10:30,QUEENS,11417.0,40.681145,-73.84013,"(40.681145, -73.84013)",100 STREET                      ,LIBERTY AVENUE,,0,0,0,0,0,0,0,0,Unspecified,Unspecified,,,,4380933,Sedan,,,,
2021-01-02T00:00:00.000,9:30,BRONX,10462.0,40.845222,-73.86613,"(40.845222, -73.86613)",WHITE PLAINS ROAD               ,MORRIS PARK AVENUE,,1,0,1,0,0,0,0,0,Failure to Yield Right-of-Way,,,,,4380934,Sedan,,,,
2021-01-01T00:00:00.000,22:30,BRONX,10468.0,40.86532,-73.900314,"(40.86532, -73.900314)",,,2560      DAVIDSON AVENUE               ,0,0,0,0,0,0,0,0,Alcohol Involvement,Unspecified,Unspecified,Unspecified,,4380936,Station Wagon/Sport Utility Vehicle,Station Wagon/Sport Utility Vehicle,Sedan,Sedan,
2021-01-01T00:00:00.000,7:40,BROOKLYN,11218.0,40.63791,-73.97864,"(40.63791, -73.97864)",CORTELYOU ROAD                  ,MC DONALD AVENUE,,0,0,0,0,0,0,0,0,Unspecified,Unspecified,,,,4380940,Station Wagon/Sport Utility Vehicle,Taxi,,,
2021-01-02T00:00:00.000,8:45,QUEENS,11413.0,40.680115,-73.75324,"(40.680115, -73.75324)",MERRICK BOULEVARD               ,SPRINGFIELD BOULEVARD,,0,0,0,0,0,0,0,0,Turning Improperly,Unspecified,,,,4380941,Station Wagon/Sport Utility Vehicle,,,,
2021-01-02T00:00:00.000,11:38,,,40.667313,-73.73926,"(40.667313, -73.73926)",LAURELTON PARKWAY               ,,,1,0,0,0,0,0,1,0,Following Too Closely,Unsafe Speed,,,,4380943,Station Wagon/Sport Utility Vehicle,Sedan,,,
2021-01-02T00:00:00.000,10:10,,,40.753014,-73.95041,"(40.753014, -73.95041)",VERNON BOULEVARD                ,,,0,0,0,0,0,0,0,0,Unspecified,,,,,4380944,Sedan,,,,
2021-01-02T00:00:00.000,10:14,,,40.737785,-73.93496,"(40.737785, -73.93496)",VANDAM STREET                   ,BORDEN AVENUE,,0,0,0,0,0,0,0,0,Following Too Closely,Unspecified,,,,4380946,Station Wagon/Sport Utility Vehicle,,,,
2021-01-02T00:00:00.000,9:00,BRONX,10463.0,40.872517,-73.90326,"(40.872517, -73.90326)",,,2765      KINGSBRIDGE TERRACE           ,0,0,0,0,0,0,0,0,Unspecified,,,,,4380948,Station Wagon/Sport Utility Vehicle,,,,
2021-01-01T00:00:00.000,19:30,BRONX,10463.0,40.8827,-73.89273,"(40.8827, -73.89273)",SEDGWICK AVENUE                 ,VANCORTLANDT AVENUE WEST,,0,0,0,0,0,0,0,0,,,,,,4380949,,,,,
2021-01-02T00:00:00.000,10:45,BROOKLYN,11211.0,40.70992,-73.9623,"(40.70992, -73.9623)",DRIGGS AVENUE                   ,BROADWAY,,0,0,0,0,0,0,0,0,Traffic Control Disregarded,Unspecified,,,,4380950,Sedan,Bike,,,
2021-01-01T00:00:00.000,17:30,BROOKLYN,11234.0,40.619225,-73.917244,"(40.619225, -73.917244)",,,2410      RALPH AVENUE                  ,0,0,0,0,0,0,0,0,Failure to Yield Right-of-Way,Unspecified,,,,4380951,Sedan,Sedan,,,
2021-01-01T00:00:00.000,14:22,BROOKLYN,11234.0,40.61441,-73.941505,"(40.61441, -73.941505)",AVENUE P                        ,EAST 32 STREET,,0,0,0,0,0,0,0,0,Unsafe Speed,Failure to Yield Right-of-Way,,,,4380952,Station Wagon/Sport Utility Vehicle,Station Wagon/Sport Utility Vehicle,,,
2021-01-02T00:00:00.000,8:00,,,40.87028,-73.878395,"(40.87028, -73.878395)",WEBSTER AVENUE                  ,,,1,0,0,0,1,0,0,0,Passing or Lane Usage Improper,Unspecified,,,,4380953,Sedan,E-Bike,,,
2021-01-02T00:00:00.000,12:16,,,40.692795,-73.92116,"(40.692795, -73.92116)",GROVE STREET                    ,,,0,0,0,0,0,0,0,0,Unspecified,Unspecified,,,,4380954,Sedan,Station Wagon/Sport Utility Vehicle,,,
2021-01-02T00:00:00.000,11:30,,,40.690266,-73.91546,"(40.690266, -73.91546)",EVERGREEN AVENUE                ,,,3,0,0,0,0,0,3,0,Failure to Yield Right-of-Way,Unspecified,,,,4380955,Station Wagon/Sport Utility Vehicle,Sedan,,,
2021-01-02T00:00:00.000,11:35,BROOKLYN,11236.0,40.636005,-73.91251,"(40.636005, -73.91251)",FLATLANDS AVENUE                ,EAST 81 STREET,,1,0,0,0,0,0,1,0,Unspecified,Unspecified,,,,4380956,Sedan,Station Wagon/Sport Utility Vehicle,,,
2021-01-02T00:00:00.000,11:13,,,40.75777,-73.854164,"(40.75777, -73.854164)",GRAND CENTRAL PKWY              ,,,1,0,0,0,1,0,0,0,View Obstructed/Limited,Driver Inattention/Distraction,,,,4380958,Sedan,Bike,,,
2021-01-02T00:00:00.000,10:13,BROOKLYN,11234.0,40.61448,-73.92641,"(40.61448, -73.92641)",UTICA AVENUE                    ,FILLMORE AVENUE,,0,0,0,0,0,0,0,0,Unspecified,Unspecified,,,,4380959,Pick-up Truck,Sedan,,,
2021-01-01T00:00:00.000,8:00,BROOKLYN,11208.0,40.664066,-73.866035,"(40.664066, -73.866035)",,,760       WORTMAN AVENUE                ,0,0,0,0,0,0,0,0,Unsafe Speed,Unspecified,,,,4380960,Pick-up Truck,Station Wagon/Sport Utility Vehicle,,,
2021-01-02T00:00:00.000,14:47,,,40.856487,-73.872406,"(40.856487, -73.872406)",BRONX RIVER PARKWAY             ,,,0,0,0,0,0,0,0,0,Failure to Yield Right-of-Way,Unspecified,,,,4380961,FIRE TRUCK,Station Wagon/Sport Utility Vehicle,,,
2021-01-02T00:00:00.000,11:25,,,40.669823,-73.78883,"(40.669823, -73.78883)",150 STREET                      ,,,0,0,0,0,0,0,0,0,Unspecified,Unspecified,,,,4380962,Sedan,Sedan,,,
2021-01-01T00:00:00.000,18:45,,,40.84863,-73.92762,"(40.84863, -73.92762)",HARLEM RIVER DRIVE              ,,,0,0,0,0,0,0,0,0,Pedestrian/Bicyclist/Other Pedestrian Error/Confusion,,,,,4380963,Sedan,,,,
2021-01-02T00:00:00.000,14:39,,,40.856537,-73.87257,"(40.856537, -73.87257)",BRONX RIVER PARKWAY             ,,,0,0,0,0,0,0,0,0,Following Too Closely,Driver Inattention/Distraction,Unspecified,,,4380964,Sedan,Station Wagon/Sport Utility Vehicle,Station Wagon/Sport Utility Vehicle,,
2021-01-02T00:00:00.000,13:35,QUEENS,11434.0,40.69165,-73.779205,"(40.69165, -73.779205)",LINDEN BOULEVARD                ,MERRICK BOULEVARD,,0,0,0,0,0,0,0,0,Driver Inexperience,Unspecified,,,,4380965,Sedan,Sedan,,,
2021-01-02T00:00:00.000,15:15,BROOKLYN,11225.0,40.661926,-73.944725,"(40.661926, -73.944725)",,,540       EAST NEW YORK AVENUE          ,0,0,0,0,0,0,0,0,Failure to Yield Right-of-Way,Unspecified,,,,4380966,Station Wagon/Sport Utility Vehicle,Sedan,,,
2021-01-02T00:00:00.000,15:50,BROOKLYN,11228.0,40.605137,-74.01729,"(40.605137, -74.01729)",BAY 8 STREET                    ,INDEPENDENCE AVENUE,,0,0,0,0,0,0,0,0,Illnes,Unspecified,,,,4380968,Sedan,Sedan,,,
2021-01-02T00:00:00.000,14:25,QUEENS,11434.0,40.688698,-73.781494,"(40.688698, -73.781494)",115 AVENUE                      ,167 STREET,,1,0,1,0,0,0,0,0,Unspecified,,,,,4380969,Station Wagon/Sport Utility Vehicle,,,,
2021-01-01T00:00:00.000,10:50,QUEENS,11691.0,40.605217,-73.76105,"(40.605217, -73.76105)",,,23-55     HEALY AVENUE                  ,0,0,0,0,0,0,0,0,Driver Inattention/Distraction,Unspecified,,,,4380971,Station Wagon/Sport Utility Vehicle,,,,
2021-01-02T00:00:00.000,12:25,,,40.60583,-73.75779,"(40.60583, -73.75779)",MOTT AVENUE                     ,MCBRIDE STREET,,0,0,0,0,0,0,0,0,Backing Unsafely,Unspecified,,,,4380972,Station Wagon/Sport Utility Vehicle,Pick-up Truck,,,
2021-01-02T00:00:00.000,15:10,QUEENS,11691.0,,,,,,1997      NAMEOKE AVENUE                ,0,0,0,0,0,0,0,0,Driver Inattention/Distraction,Unspecified,,,,4380973,Station Wagon/Sport Utility Vehicle,,,,
2021-01-01T00:00:00.000,0:00,QUEENS,11355.0,40.754375,-73.8234,"(40.754375, -73.8234)",BEECH AVENUE                    ,KISSENA BOULEVARD,,0,0,0,0,0,0,0,0,Unspecified,,,,,4380974,Sedan,,,,
2021-01-02T00:00:00.000,13:05,,,40.78797,-73.843796,"(40.78797, -73.843796)",124 STREET                      ,,,0,0,0,0,0,0,0,0,Unspecified,,,,,4380975,Station Wagon/Sport Utility Vehicle,,,,
2021-01-02T00:00:00.000,15:00,,,40.76095,-73.832756,"(40.76095, -73.832756)",PRINCE STREET                   ,,,0,0,0,0,0,0,0,0,Passenger Distraction,Unspecified,,,,4380976,Station Wagon/Sport Utility Vehicle,Sedan,,,
2021-01-02T00:00:00.000,3:50,QUEENS,11354.0,40.7716,-73.80907,"(40.7716, -73.80907)",29 AVENUE                       ,155 STREET,,0,0,0,0,0,0,0,0,Aggressive Driving/Road Rage,Unspecified,,,,4380977,Station Wagon/Sport Utility Vehicle,Sedan,,,
2021-01-01T00:00:00.000,18:00,,,40.582977,-73.98042,"(40.582977, -73.98042)",BELT PARKWAY                    ,,,0,0,0,0,0,0,0,0,Driver Inattention/Distraction,,,,,4380978,Pick-up Truck,,,,
2021-01-02T00:00:00.000,15:30,,,40.651863,-73.86536,"(40.651863, -73.86536)",BELT PARKWAY                    ,,,0,0,0,0,0,0,0,0,Following Too Closely,Unspecified,,,,4380979,Sedan,Station Wagon/Sport Utility Vehicle,,,
2021-01-02T00:00:00.000,15:35,,,40.651863,-73.86536,"(40.651863, -73.86536)",BELT PARKWAY                    ,,,0,0,0,0,0,0,0,0,Driver Inattention/Distraction,Unspecified,,,,4380980,Station Wagon/Sport Utility Vehicle,Station Wagon/Sport Utility Vehicle,,,
2021-01-02T00:00:00.000,14:00,,,40.591393,-73.907875,"(40.591393, -73.907875)",BELT PARKWAY                    ,,,0,0,0,0,0,0,0,0,Following Too Closely,Unspecified,,,,4380981,Station Wagon/Sport Utility Vehicle,Station Wagon/Sport Utility Vehicle,,,
2021-01-02T00:00:00.000,6:40,,,40.69168,-73.999344,"(40.69168, -73.999344)",BROOKLYN QUEENS EXPRESSWAY      ,,,0,0,0,0,0,0,0,0,Pavement Slippery,,,,,4380982,Sedan,,,,
2021-01-02T00:00:00.000,20:01,BROOKLYN,11223.0,40.599117,-73.97472,"(40.599117, -73.97472)",VAN SICKLEN STREET              ,AVENUE T,,1,0,1,0,0,0,0,0,Turning Improperly,,,,,4380984,Station Wagon/Sport Utility Vehicle,,,,
2021-01-02T00:00:00.000,19:30,QUEENS,11366.0,40.72291,-73.80468,"(40.72291, -73.80468)",164 STREET                      ,78 AVENUE,,1,0,0,0,1,0,0,0,Pedestrian/Bicyclist/Other Pedestrian Error/Confusion,Unspecified,,,,4380985,Sedan,Bike,,,
2021-01-02T00:00:00.000,12:19,,,40.744644,-73.77041,"(40.744644, -73.77041)",LONG ISLAND EXPRESSWAY          ,,,0,0,0,0,0,0,0,0,Unspecified,,,,,4380986,Station Wagon/Sport Utility Vehicle,Station Wagon/Sport Utility Vehicle,,,
2021-01-01T00:00:00.000,19:59,QUEENS,11432.0,40.71001,-73.79474,"(40.71001, -73.79474)",HILLSIDE AVENUE                 ,168 STREET,,1,0,1,0,0,0,0,0,Backing Unsafely,,,,,4380987,,,,,
2021-01-02T00:00:00.000,14:21,,,40.69361,-73.98252,"(40.69361, -73.98252)",PRINCE STREET                   ,,,0,0,0,0,0,0,0,0,Driver Inexperience,Unspecified,,,,4380993,Box Truck,Station Wagon/Sport Utility Vehicle,,,
2021-01-02T00:00:00.000,17:30,,,40.637043,-74.03733,"(40.637043, -74.03733)",BELT PARKWAY                    ,,,2,0,0,0,0,0,2,0,Following Too Closely,Following Too Closely,Following Too Closely,Unspecified,Unspecified,4380994,Station Wagon/Sport Utility Vehicle,Sedan,Station Wagon/Sport Utility Vehicle,Station Wagon/Sport Utility Vehicle,Sedan
2021-01-02T00:00:00.000,20:15,QUEENS,11434.0,40.65616,-73.76736,"(40.65616, -73.76736)",ROCKAWAY BOULEVARD              ,BREWER BOULEVARD,,0,0,0,0,0,0,0,0,Failure to Yield Right-of-Way,Unspecified,,,,4380996,Sedan,Sedan,,,
2021-01-02T00:00:00.000,18:30,QUEENS,11413.0,40.66534,-73.743935,"(40.66534, -73.743935)",SOUTH CONDUIT AVENUE            ,232 STREET,,1,0,0,0,0,0,1,0,Driver Inattention/Distraction,Unspecified,,,,4380997,Sedan,Sedan,,,
2021-01-02T00:00:00.000,20:55,,,,,,12 AVENUE                       ,,,1,0,0,0,0,0,1,0,Unspecified,Unspecified,,,,4380998,Sedan,Station Wagon/Sport Utility Vehicle,,,
2021-01-02T00:00:00.000,22:15,QUEENS,11361.0,40.76515,-73.76598,"(40.76515, -73.76598)",40 AVENUE                       ,217 STREET,,0,0,0,0,0,0,0,0,Driver Inattention/Distraction,Unspecified,,,,4380999,Station Wagon/Sport Utility Vehicle,Station Wagon/Sport Utility Vehicle,,,
2021-01-02T00:00:00.000,18:20,,,40.733955,-73.92172,"(40.733955, -73.92172)",LONG ISLAND EXPRESSWAY          ,,,1,0,0,0,0,0,1,0,Driver Inattention/Distraction,Unspecified,Unspecified,,,4381000,Station Wagon/Sport Utility Vehicle,Sedan,Sedan,,
2021-01-02T00:00:00.000,16:40,QUEENS,11104.0,40.744686,-73.916504,"(40.744686, -73.916504)",43 AVENUE                       ,48 STREET,,1,0,1,0,0,0,0,0,Driver Inattention/Distraction,,,,,4381001,Sedan,,,,
2021-01-02T00:00:00.000,20:55,,,,,,12 AVENUE                       ,,,0,0,0,0,0,0,0,0,Unspecified,Unspecified,,,,4381002,Station Wagon/Sport Utility Vehicle,Sedan,,,
2021-01-02T00:00:00.000,22:51,,,40.805557,-73.91047,"
,  
(40.805557, -73.91047)",BRUCKNER BOULEVARD,,,0,1,0,1,0,0,0,0,Driver Inattention/Distraction,,,,,4381003,Tractor Truck Diesel,,,,
2021-01-02T00:00:00.000,21:57,BROOKLYN,11217.0,40.68854,-73.97844,"(40.68854, -73.97844)",,,229       ASHLAND PLACE                 ,1,0,0,0,1,0,0,0,Pedestrian/Bicyclist/Other Pedestrian Error/Confusion,Pedestrian/Bicyclist/Other Pedestrian Error/Confusion,,,,4381004,Taxi,Bike,,,
2021-01-02T00:00:00.000,20:57,BROOKLYN,11226.0,40.65487,-73.96191,"(40.65487, -73.96191)",PARKSIDE AVENUE                 ,OCEAN AVENUE,,2,0,2,0,0,0,0,0,Unspecified,,,,,4381005,Sedan,,,,
2021-01-03T00:00:00.000,2:00,,,40.696205,-73.96159,"(40.696205, -73.96159)",CLASSON AVENUE                  ,,,0,0,0,0,0,0,0,0,Unspecified,,,,,4381006,Sedan,,,,
2021-01-02T00:00:00.000,3:45,,,40.689102,-73.94507,"(40.689102, -73.94507)",,,GREENE AVENUE                           ,0,0,0,0,0,0,0,0,Driver Inattention/Distraction,Unspecified,,,,4381007,Station Wagon/Sport Utility Vehicle,Station Wagon/Sport Utility Vehicle,,,
2021-01-01T00:00:00.000,16:50,,,,,,BROOKLYN BRIDGE                 ,,,1,0,0,0,0,0,1,0,Driver Inattention/Distraction,Following Too Closely,Unspecified,,,4381008,Sedan,Sedan,Sedan,,
2021-01-02T00:00:00.000,4:00,BROOKLYN,11236.0,40.638386,-73.887054,"(40.638386, -73.887054)",AVENUE N                        ,EAST 103 STREET,,0,0,0,0,0,0,0,0,Unspecified,,,,,4381009,Sedan,,,,
2021-01-03T00:00:00.000,0:20,,,40.70145,-73.989624,"(40.70145, -73.989624)",BROOKLYN QUEENS EXPRESSWAY      ,,,1,0,0,0,0,0,1,0,Following Too Closely,Following Too Closely,,,,4381010,Sedan,Sedan,,,
2021-01-01T00:00:00.000,0:25,QUEENS,11105.0,40.78228,-73.914604,"(40.78228, -73.914604)",21 STREET                       ,21 AVENUE,,0,0,0,0,0,0,0,0,Fell Asleep,Unspecified,,,,4381013,Sedan,Pick-up Truck,,,
2021-01-01T00:00:00.000,8:30,,,40.768887,-73.90691,"(40.768887, -73.90691)",ASTORIA BOULEVARD               ,43 STREET,,0,0,0,0,0,0,0,0,Following Too Closely,Unspecified,,,,4381014,Station Wagon/Sport Utility Vehicle,Sedan,,,
2021-01-02T00:00:00.000,2:54,BRONX,10456.0,40.818058,-73.90501,"(40.818058, -73.90501)",TINTON AVENUE                   ,WESTCHESTER AVENUE,,1,0,1,0,0,0,0,0,Driver Inattention/Distraction,,,,,4381015,Taxi,,,,
2021-01-02T00:00:00.000,10:20,,,40.758175,-73.924065,"(40.758175, -73.924065)",35 STREET                       ,,,0,0,0,0,0,0,0,0,Reaction to Uninvolved Vehicle,Unspecified,,,,4381016,FIRE TRUCK,Sedan,,,
2021-01-02T00:00:00.000,9:00,BRONX,10451.0,40.81458,-73.9246,"(40.81458, -73.9246)",,,370       MORRIS AVENUE                 ,1,0,1,0,0,0,0,0,Aggressive Driving/Road Rage,,,,,4381017,Taxi,,,,
2021-01-02T00:00:00.000,13:45,BRONX,10451.0,40.81572,-73.925064,"(40.81572, -73.925064)",EAST 144 STREET                 ,RIDER AVENUE,,0,0,0,0,0,0,0,0,Unspecified,Unspecified,,,,4381018,Sedan,Pick-up Truck,,,
2021-01-02T00:00:00.000,16:20,BRONX,10455.0,40.82073,-73.91567,"(40.82073, -73.91567)",,,737       MELROSE AVENUE                ,0,0,0,0,0,0,0,0,Passing Too Closely,Unspecified,,,,4381019,Station Wagon/Sport Utility Vehicle,Bus,,,
2021-01-01T00:00:00.000,18:30,QUEENS,11102.0,,,,,,25-03     HOYT AVENUE SOUTH             ,0,0,0,0,0,0,0,0,Passing Too Closely,Unspecified,,,,4381020,Ambulance,Ambulance,,,
2021-01-02T00:00:00.000,11:30,BROOKLYN,11220.0,40.647346,-74.007996,"(40.647346, -74.007996)",5 AVENUE                        ,46 STREET,,1,0,0,0,1,0,0,0,Driver Inattention/Distraction,Driver Inattention/Distraction,,,,4381022,Station Wagon/Sport Utility Vehicle,E-Bike,,,
2021-01-02T00:00:00.000,15:40,BROOKLYN,11215.0,40.666077,-73.995224,"(40.666077, -73.995224)",3 AVENUE                        ,17 STREET,,0,0,0,0,0,0,0,0,Driver Inattention/Distraction,Unspecified,,,,4381023,Garbage or Refuse,Flat Bed,,,
2021-01-02T00:00:00.000,18:37,MANHATTAN,10013.0,40.723118,-74.00624,"(40.723118, -74.00624)",VARICK STREET                   ,GRAND STREET,,0,0,0,0,0,0,0,0,Aggressive Driving/Road Rage,Unspecified,Unspecified,Unspecified,,4381024,Station Wagon/Sport Utility Vehicle,Sedan,Sedan,Sedan,
2021-01-02T00:00:00.000,22:50,BROOKLYN,11232.0,40.64727,-73.99731,"(40.64727, -73.99731)",8 AVENUE                        ,39 STREET,,0,0,0,0,0,0,0,0,Unspecified,Unspecified,Unspecified,,,4381025,Sedan,Sedan,Sedan,,
2021-01-01T00:00:00.000,2:15,BROOKLYN,11235.0,40.577675,-73.9612,"(40.577675, -73.9612)",,,621       BRIGHTON BEACH AVENUE         ,0,0,0,0,0,0,0,0,Unspecified,,,,,4381026,Station Wagon/Sport Utility Vehicle,,,,
2021-01-01T00:00:00.000,3:13,BROOKLYN,11224.0,40.57279,-73.99597,"(40.57279, -73.99597)",SURF AVENUE                     ,WEST 30 STREET,,0,0,0,0,0,0,0,0,Driver Inattention/Distraction,,,,,4381027,Ambulance,,,,
2021-01-01T00:00:00.000,4:51,BROOKLYN,11235.0,40.58667,-73.966156,"(40.58667, -73.966156)",OCEAN PARKWAY                   ,AVENUE Z,,2,0,0,0,0,0,2,0,Driver Inattention/Distraction,,,,,4381028,Sedan,,,,
2021-01-01T00:00:00.000,8:50,BROOKLYN,11235.0,40.5839,-73.96328,"(40.5839, -73.96328)",,,2727      BRIGHTON 6 STREET             ,0,0,0,0,0,0,0,0,Turning Improperly,,,,,4381029,,,,,
2021-01-02T00:00:00.000,23:05,BROOKLYN,11235.0,40.582542,-73.957214,"(40.582542, -73.957214)",NEPTUNE AVENUE                  ,EAST 12 STREET,,0,0,0,0,0,0,0,0,Unsafe Speed,Unspecified,,,,4381031,LIMO,,,,
2021-01-02T00:00:00.000,23:25,QUEENS,11004.0,40.746037,-73.705635,"(40.746037, -73.705635)",80 AVENUE                       ,266 STREET,,0,0,0,0,0,0,0,0,Unsafe Speed,Unspecified,,,,4381032,Station Wagon/Sport Utility Vehicle,Station Wagon/Sport Utility Vehicle,,,
2021-01-01T00:00:00.000,16:15,BROOKLYN,11224.0,40.5751,-73.998566,"(40.5751, -73.998566)",WEST 32 STREET                  ,MERMAID AVENUE,,0,0,0,0,0,0,0,0,Drugs (illegal),Unspecified,,,,4381034,Sedan,Station Wagon/Sport Utility Vehicle,,,
2021-01-02T00:00:00.000,19:43,BROOKLYN,11224.0,40.577713,-73.97251,"(40.577713, -73.97251)",,,2928      WEST 5 STREET                 ,0,0,0,0,0,0,0,0,Lost Consciousness,Unspecified,,,,4381035,Sedan,Station Wagon/Sport Utility Vehicle,,,
2021-01-02T00:00:00.000,16:16,,,40.666546,-73.78808,"(40.666546, -73.78808)",BELT PARKWAY                    ,,,0,0,0,0,0,0,0,0,Driver Inattention/Distraction,Unspecified,Unspecified,,,4381036,Sedan,Sedan,Sedan,,
2021-01-03T00:00:00.000,3:00,QUEENS,11435.0,40.68515,-73.80495,"(40.68515, -73.80495)",,,139-16    111 AVENUE                    ,0,0,0,0,0,0,0,0,Unspecified,Unspecified,,,,4381037,Sedan,Sedan,,,
2021-01-01T00:00:00.000,5:01,,,,,,CROSS BRONX EXPY RAMP           ,,,0,0,0,0,0,0,0,0,Unsafe Speed,Unspecified,,,,4381040,Sedan,,,,
2021-01-01T00:00:00.000,9:03,,,40.833588,-73.91498,"(40.833588, -73.91498)",EAST 167 STREET                 ,,,0,0,0,0,0,0,0,0,Turning Improperly,Unspecified,,,,4381041,Taxi,Sedan,,,
2021-01-02T00:00:00.000,14:55,BRONX,10452.0,40.83129,-73.92904,"(40.83129, -73.92904)",WEST 162 STREET                 ,WOODYCREST AVENUE,,1,0,0,0,0,0,1,0,Traffic Control Disregarded,Unspecified,,,,4381042,Sedan,Sedan,,,
2021-01-03T00:00:00.000,1:44,BRONX,10456.0,40.83569,-73.9096,"(40.83569, -73.9096)",,,1356      TELLER AVENUE                 ,0,0,0,0,0,0,0,0,Other Vehicular,,,,,4381043,Pick-up Truck,,,,
2021-01-01T00:00:00.000,22:20,MANHATTAN,10002.0,40.71983,-73.98755,"(40.71983, -73.98755)",ESSEX STREET                    ,RIVINGTON STREET,,0,0,0,0,0,0,0,0,Failure to Yield Right-of-Way,Unspecified,,,,4381044,Station Wagon/Sport Utility Vehicle,Station Wagon/Sport Utility Vehicle,,,
2021-01-02T00:00:00.000,21:26,MANHATTAN,10002.0,40.71518,-73.99089,"(40.71518, -73.99089)",,,15        LUDLOW STREET                 ,0,0,0,0,0,0,0,0,Driver Inexperience,Unspecified,,,,4381045,4 dr sedan,Station Wagon/Sport Utility Vehicle,,,
2021-01-02T00:00:00.000,13:45,MANHATTAN,10002.0,40.713634,-73.98707,"(40.713634, -73.98707)",HENRY STREET                    ,CLINTON STREET,,0,0,0,0,0,0,0,0,Passing Too Closely,Unspecified,,,,4381046,E-Bike,PK,,,
2021-01-03T00:00:00.000,4:13,QUEENS,11378.0,40.729134,-73.931015,"(40.729134, -73.931015)",LAUREL HILL BOULEVARD           ,REVIEW AVENUE,,3,0,0,0,0,0,3,0,Unsafe Speed,,,,,4381048,Sedan,,,,
2021-01-03T00:00:00.000,7:50,,,,,,ROCKAWAY BOULEVARD              ,BROOKVILLE BOULEVARD,,0,0,0,0,0,0,0,0,Fatigued/Drowsy,Unspecified,,,,4381051,Station Wagon/Sport Utility Vehicle,Station Wagon/Sport Utility Vehicle,,,
2021-01-02T00:00:00.000,12:20,,,40.665943,-73.757324,"(40.665943, -73.757324)",BELT PARKWAY                    ,,,0,0,0,0,0,0,0,0,Unspecified,Unspecified,,,,4381052,Sedan,Station Wagon/Sport Utility Vehicle,,,
2021-01-01T00:00:00.000,20:35,BROOKLYN,11212.0,40.6564,-73.90345,"(40.6564, -73.90345)",,,891       STONE AVENUE                  ,0,0,0,0,0,0,0,0,Driver Inattention/Distraction,Unspecified,,,,4381053,Sedan,Sedan,,,
2021-01-03T00:00:00.000,1:33,,,40.674496,-73.90629,"(40.674496, -73.90629)",SACKMAN STREET                  ,,,2,0,0,0,0,0,2,0,Unspecified,Unspecified,,,,4381055,Sedan,Station Wagon/Sport Utility Vehicle,,,
2021-01-01T00:00:00.000,1:50,BROOKLYN,11212.0,40.668976,-73.90668,"(40.668976, -73.90668)",BELMONT AVENUE                  ,STONE AVENUE,,0,0,0,0,0,0,0,0,Backing Unsafely,Unspecified,,,,4381056,Station Wagon/Sport Utility Vehicle,Station Wagon/Sport Utility Vehicle,,,
2021-01-02T00:00:00.000,14:29,QUEENS,11434.0,40.680523,-73.7633,"(40.680523, -73.7633)",MERRICK BOULEVARD               ,EVELETH ROAD,,1,0,1,0,0,0,0,0,Unspecified,,,,,4381057,Station Wagon/Sport Utility Vehicle,,,,
2021-01-02T00:00:00.000,8:27,BROOKLYN,11225.0,40.662094,-73.96173,"(40.662094, -73.96173)",,,496       FLATBUSH AVENUE               ,0,0,0,0,0,0,0,0,Alcohol Involvement,,,,,4381058,Sedan,,,,
2021-01-01T00:00:00.000,5:10,BROOKLYN,11212.0,40.67066,-73.904205,"(40.67066, -73.904205)",PITKIN AVENUE                   ,POWELL STREET,,2,0,0,0,0,0,2,0,Unsafe Speed,Unspecified,Unspecified,Unspecified,Unspecified,4381059,Taxi,Sedan,Sedan,Sedan,Sedan
2021-01-01T00:00:00.000,10:00,BROOKLYN,11230.0,40.610947,-73.962555,"(40.610947, -73.962555)",,,1907      CONEY ISLAND AVENUE           ,0,0,0,0,0,0,0,0,Turning Improperly,Brakes Defective,Unspecified,,,4381060,Station Wagon/Sport Utility Vehicle,Station Wagon/Sport Utility Vehicle,Sedan,,
2021-01-02T00:00:00.000,11:30,BROOKLYN,11226.0,40.644196,-73.95467,"(40.644196, -73.95467)",CORTELYOU ROAD                  ,BEDFORD AVENUE,,0,0,0,0,0,0,0,0,Driver Inattention/Distraction,Unspecified,,,,4381061,Station Wagon/Sport Utility Vehicle,Station Wagon/Sport Utility Vehicle,,,
2021-01-02T00:00:00.000,16:19,BROOKLYN,11226.0,40.651363,-73.96345,"(40.651363, -73.96345)",CATON AVENUE                    ,EAST 18 STREET,,1,0,0,0,1,0,0,0,Unsafe Speed,Turning Improperly,,,,4381062,Bike,Station Wagon/Sport Utility Vehicle,,,
2021-01-01T00:00:00.000,0:38,,,40.833633,-73.92615,"(40.833633, -73.92615)",ANDERSON AVENUE                 ,,,0,0,0,0,0,0,0,0,Alcohol Involvement,Unspecified,,,,4381063,Bus,Station Wagon/Sport Utility Vehicle,,,
2021-01-03T00:00:00.000,1:48,,,,,,BELT PARKWAY                    ,,,2,0,0,0,0,0,2,0,Unsafe Speed,,,,,4381064,Sedan,,,,
2021-01-02T00:00:00.000,22:50,,,,,,NASSAU EXPRESSWAY               ,,,0,0,0,0,0,0,0,0,Unsafe Speed,Unspecified,,,,4381065,Sedan,Sedan,,,
2021-01-01T00:00:00.000,23:30,,,40.656593,-73.857635,"(40.656593, -73.857635)",BELT PARKWAY                    ,,,1,0,0,0,0,0,1,0,View Obstructed/Limited,,,,,4381066,Sedan,,,,
2021-01-02T00:00:00.000,3:05,QUEENS,11419.0,40.685383,-73.81973,"(40.685383, -73.81973)",107 AVENUE                      ,123 STREET,,0,0,0,0,0,0,0,0,Following Too Closely,Unspecified,Unspecified,,,4381067,Station Wagon/Sport Utility Vehicle,Station Wagon/Sport Utility Vehicle,,,
2021-01-02T00:00:00.000,11:10,QUEENS,11414.0,40.66355,-73.84097,"(40.66355, -73.84097)",,,156-36    CROSS BAY BOULEVARD           ,1,0,1,0,0,0,0,0,Backing Unsafely,,,,,4381068,Station Wagon/Sport Utility Vehicle,,,,
2021-01-02T00:00:00.000,16:00,QUEENS,11420.0,40.680008,-73.82305,"(40.680008, -73.82305)",117 STREET                      ,111 AVENUE,,0,0,0,0,0,0,0,0,Animals Action,,,,,4381069,Station Wagon/Sport Utility Vehicle,,,,
2021-01-02T00:00:00.000,12:00,,,,,,SOUTH CONDUIT AVENUE            ,LINDEN BOULEVARD,,0,0,0,0,0,0,0,0,Failure to Yield Right-of-Way,Unspecified,,,,4381070,Sedan,Convertible,,,
2021-01-02T00:00:00.000,19:18,QUEENS,11417.0,40.676243,-73.84792,"(40.676243, -73.84792)",89 STREET                       ,SUTTER AVENUE,,0,0,0,0,0,0,0,0,Failure to Yield Right-of-Way,Unspecified,Unspecified,Unspecified,Unspecified,4381072,Station Wagon/Sport Utility Vehicle,Sedan,Station Wagon/Sport Utility Vehicle,Sedan,Sedan
2021-01-03T00:00:00.000,0:00,,,,,,BELT PARKWAY                    ,,,0,0,0,0,0,0,0,0,Passing Too Closely,Unspecified,,,,4381073,Sedan,Sedan,,,
2021-01-02T00:00:00.000,15:22,BRONX,10468.0,,,,Father Zeiser place             ,Webb Avenue,,0,0,0,0,0,0,0,0,Driver Inattention/Distraction,Unspecified,,,,4381074,Station Wagon/Sport Utility Vehicle,,,,
2021-01-02T00:00:00.000,5:45,BROOKLYN,11203.0,40.66059,-73.931335,"(40.66059, -73.931335)",RUTLAND ROAD                    ,UTICA AVENUE,,0,0,0,0,0,0,0,0,Driver Inattention/Distraction,,,,,4381077,Sedan,,,,
2021-01-02T00:00:00.000,0:00,BROOKLYN,11212.0,40.66199,-73.9127,"(40.66199, -73.9127)",LIVONIA AVENUE                  ,AMBOY STREET,,0,0,0,0,0,0,0,0,Driver Inattention/Distraction,Unspecified,,,,4381078,Box Truck,Sedan,,,
2021-01-01T00:00:00.000,0:00,BROOKLYN,11203.0,40.658295,-73.93109,"(40.658295, -73.93109)",UTICA AVENUE                    ,WINTHROP STREET,,1,0,0,0,0,0,1,0,Driver Inattention/Distraction,Unspecified,,,,4381080,Station Wagon/Sport Utility Vehicle,Sedan,,,
2021-01-02T00:00:00.000,11:00,BROOKLYN,11212.0,40.664375,-73.92376,"(40.664375, -73.92376)",ROCKAWAY PARKWAY                ,RUTLAND ROAD,,5,0,2,0,0,0,3,0,Driver Inexperience,,,,,4381081,Sedan,,,,
2021-01-01T00:00:00.000,22:15,,,40.663227,-73.93159,"(40.663227, -73.93159)",UTICA AVENUE                    ,EAST NEW YORK AVENUE,,0,0,0,0,0,0,0,0,Unspecified,Unspecified,,,,4381082,Sedan,Sedan,,,
2021-01-02T00:00:00.000,13:30,BROOKLYN,11203.0,40.65471,-73.93072,"(40.65471, -73.93072)",,,756       UTICA AVENUE                  ,1,0,0,0,0,0,1,0,Unspecified,Unspecified,,,,4381084,Sedan,Sedan,,,
2021-01-02T00:00:00.000,13:00,BRONX,10453.0,40.84942,-73.91113,"(40.84942, -73.91113)",JEROME AVENUE                   ,MOUNT HOPE PLACE,,1,0,0,0,0,0,1,0,Unspecified,Unspecified,,,,4381085,Sedan,Station Wagon/Sport Utility Vehicle,,,
2021-01-02T00:00:00.000,14:20,BROOKLYN,11203.0,40.65107,-73.93033,"(40.65107, -73.93033)",,,900       UTICA AVENUE                  ,0,0,0,0,0,0,0,0,Unspecified,Unspecified,,,,4381086,Convertible,Enclosed Body - Removable Enclosure,,,
2021-01-02T00:00:00.000,16:56,BRONX,10457.0,40.84497,-73.90247,"(40.84497, -73.90247)",ITTNER PLACE                    ,WEBSTER AVENUE,,1,0,0,0,0,0,1,0,Failure to Yield Right-of-Way,Driver Inexperience,,,,4381087,Station Wagon/Sport Utility Vehicle,Sedan,,,
2021-01-01T00:00:00.000,6:20,BROOKLYN,11203.0,40.652973,-73.94401,"(40.652973, -73.94401)",LINDEN BOULEVARD                ,BROOKLYN AVENUE,,2,0,0,0,0,0,2,0,Aggressive Driving/Road Rage,Unspecified,Unspecified,,,4381092,Sedan,Sedan,Sedan,,
2021-01-02T00:00:00.000,0:00,BRONX,10453.0,40.847317,-73.911476,"(40.847317, -73.911476)",EAST 175 STREET                 ,TOWNSEND AVENUE,,1,0,0,0,1,0,0,0,Traffic Control Disregarded,Unspecified,,,,4381093,Sedan,E-Scooter,,,
2021-01-01T00:00:00.000,0:00,BROOKLYN,11212.0,40.661873,-73.92878,"(40.661873, -73.92878)",,,108       EAST 91 STREET                ,0,0,0,0,0,0,0,0,Unspecified,,,,,4381095,Sedan,,,,
2021-01-01T00:00:00.000,10:30,BROOKLYN,11212.0,40.663074,-73.93011,"(40.663074, -73.93011)",,,18        EAST 91 STREET                ,0,0,0,0,0,0,0,0,Unspecified,,,,,4381096,Sedan,,,,
2021-01-02T00:00:00.000,17:40,BROOKLYN,11203.0,40.650112,-73.93001,"(40.650112, -73.93001)",,,5008      SNYDER AVENUE                 ,0,0,0,0,0,0,0,0,Unspecified,Unspecified,,,,4381097,Station Wagon/Sport Utility Vehicle,Station Wagon/Sport Utility Vehicle,,,
2021-01-02T00:00:00.000,17:45,BROOKLYN,11226.0,40.653976,-73.952835,"(40.653976, -73.952835)",LENOX ROAD                      ,ROGERS AVENUE,,1,0,0,0,1,0,0,0,Unspecified,Unspecified,,,,4381098,Sedan,Bike,,,
2021-01-02T00:00:00.000,9:15,QUEENS,11385.0,40.700554,-73.90644,"(40.700554, -73.90644)",,,1703      PUTNAM AVENUE                 ,0,0,0,0,0,0,0,0,Backing Unsafely,Unspecified,,,,4381103,Sedan,Sedan,,,
2021-01-03T00:00:00.000,6:15,,,40.768105,-73.804825,"(40.768105, -73.804825)",160 STREET                      ,,,1,0,0,0,0,0,1,0,Passing Too Closely,Unspecified,,,,4381104,Station Wagon/Sport Utility Vehicle,Sedan,,,
2021-01-01T00:00:00.000,16:20,STATEN ISLAND,10301.0,40.642853,-74.09457,"(40.642853, -74.09457)",,,183       BUCHANAN STREET               ,0,0,0,0,0,0,0,0,Unspecified,Unspecified,,,,4381105,Sedan,,,,
2021-01-02T00:00:00.000,13:50,STATEN ISLAND,10301.0,40.631897,-74.09716,"(40.631897, -74.09716)",FOREST AVENUE                   ,BRIGHTON AVENUE,,1,0,0,0,0,0,1,0,Unspecified,,,,,4381106,Sedan,,,,
2021-01-01T00:00:00.000,19:50,MANHATTAN,10032.0,40.83016,-73.94167,"(40.83016, -73.94167)",SAINT NICHOLAS AVENUE           ,WEST 154 STREET,,1,0,0,0,0,0,1,0,Driver Inattention/Distraction,Unspecified,,,,4381107,Sedan,Taxi,,,
2021-01-02T00:00:00.000,15:50,,,40.82664,-73.94306,"(40.82664, -73.94306)",SAINT NICHOLAS AVENUE           ,,,1,0,0,0,1,0,0,0,Unsafe Lane Changing,Unspecified,,,,4381108,Sedan,Bike,,,
2021-01-01T00:00:00.000,17:00,,,40.826427,-73.950455,"(40.826427, -73.950455)",WEST 145 STREET                 ,,,1,0,1,0,0,0,0,0,Failure to Yield Right-of-Way,,,,,4381110,Station Wagon/Sport Utility Vehicle,,,,
2021-01-02T00:00:00.000,17:19,MANHATTAN,10031.0,40.82326,-73.95277,"(40.82326, -73.95277)",BROADWAY                        ,WEST 140 STREET,,3,0,0,0,0,0,3,0,Driver Inattention/Distraction,Unspecified,Unspecified,,,4381111,Taxi,Taxi,Station Wagon/Sport Utility Vehicle,,
2021-01-01T00:00:00.000,0:30,MANHATTAN,10016.0,40.741524,-73.97983,"(40.741524, -73.97983)",,,244       EAST 28 STREET                ,0,0,0,0,0,0,0,0,Unspecified,,,,,4381112,Station Wagon/Sport Utility Vehicle,,,,
2021-01-01T00:00:00.000,21:30,,,40.740467,-73.97295,"(40.740467, -73.97295)",FDR DRIVE                       ,,,0,0,0,0,0,0,0,0,Passing or Lane Usage Improper,Unspecified,,,,4381114,Sedan,Sedan,,,
2021-01-01T00:00:00.000,2:40,,,40.74453,-73.98888,"(40.74453, -73.98888)",WEST 27 STREET                  ,,,1,0,0,0,0,0,1,0,Steering Failure,Unspecified,,,,4381115,Sedan,Pick-up Truck,,,
2021-01-01T00:00:00.000,4:51,BROOKLYN,11212.0,40.66009,-73.90055,"(40.66009, -73.90055)",,,582       JUNIUS STREET                 ,0,0,0,0,0,0,0,0,Other Vehicular,Other Vehicular,,,,4381116,Sedan,Station Wagon/Sport Utility Vehicle,,,
2021-01-02T00:00:00.000,0:40,BROOKLYN,11212.0,40.664654,-73.916275,"(40.664654, -73.916275)",BLAKE AVENUE                    ,SARATOGA AVENUE,,0,0,0,0,0,0,0,0,Unspecified,,,,,4381117,Sedan,,,,
2021-01-03T00:00:00.000,0:45,,,40.68324,-73.9439,"(40.68324, -73.9439)",TOMPKINS AVENUE                 ,,,1,0,0,0,0,0,1,0,Traffic Control Disregarded,Unspecified,Unspecified,,,4381118,Sedan,Sedan,E-Scooter,,
2021-01-01T00:00:00.000,6:09,,,40.85406,-73.91936,"(40.85406, -73.91936)",MAJOR DEEGAN EXPRESSWAY         ,,,0,0,0,0,0,0,0,0,Driver Inattention/Distraction,,,,,4381120,Sedan,,,,
2021-01-02T00:00:00.000,16:00,,,40.734882,-73.97484,"(40.734882, -73.97484)",FDR DRIVE                       ,,,4,0,0,0,0,0,4,0,Aggressive Driving/Road Rage,Unspecified,Unspecified,,,4381121,Station Wagon/Sport Utility Vehicle,Sedan,Sedan,,
2021-01-01T00:00:00.000,4:25,BRONX,10457.0,40.84681,-73.9083,"(40.84681, -73.9083)",EASTBURN AVENUE                 ,EAST 175 STREET,,0,0,0,0,0,0,0,0,Backing Unsafely,Unspecified,,,,4381123,Sedan,Station Wagon/Sport Utility Vehicle,,,
2021-01-03T00:00:00.000,9:28,QUEENS,11105.0,40.771942,-73.89653,"(40.771942, -73.89653)",,,20-16     49 STREET                     ,0,0,0,0,0,0,0,0,Other Vehicular,,,,,4381125,Station Wagon/Sport Utility Vehicle,,,,
2021-01-01T00:00:00.000,15:33,,,40.65766,-73.95323,"(40.65766, -73.95323)",ROGERS AVENUE                   ,,,1,0,0,0,0,0,1,0,Unsafe Speed,Traffic Control Disregarded,Unspecified,,,4381137,Sedan,Station Wagon/Sport Utility Vehicle,Station Wagon/Sport Utility Vehicle,,
2021-01-01T00:00:00.000,16:25,MANHATTAN,10018.0,40.759514,-73.99926,"(40.759514, -73.99926)",11 AVENUE                       ,WEST 40 STREET,,0,0,0,0,0,0,0,0,Turning Improperly,Unspecified,,,,4381139,Sedan,,,,
2021-01-01T00:00:00.000,17:30,BROOKLYN,11225.0,40.66807,-73.950676,"(40.66807, -73.950676)",NOSTRAND AVENUE                 ,PRESIDENT STREET,,1,0,1,0,0,0,0,0,,,,,,4381140,Sedan,,,,
2021-01-01T00:00:00.000,3:30,BRONX,10466.0,40.902706,-73.841545,"(40.902706, -73.841545)",,,1047      EAST 241 STREET               ,0,0,0,0,0,0,0,0,Unspecified,,,,,4381141,Sedan,,,,
2021-01-02T00:00:00.000,11:37,MANHATTAN,10001.0,40.752834,-74.004715,"(40.752834, -74.004715)",,,601       WEST 29 STREET                ,0,0,0,0,0,0,0,0,Unspecified,,,,,4381142,Sedan,,,,
2021-01-03T00:00:00.000,10:30,BROOKLYN,11228.0,40.61185,-74.010254,"(40.61185, -74.010254)",86 STREET                       ,BAY 8 STREET,,0,0,0,0,0,0,0,0,Driver Inattention/Distraction,Unspecified,,,,4381143,Station Wagon/Sport Utility Vehicle,Sedan,,,
2021-01-01T00:00:00.000,16:00,BRONX,10467.0,40.87047,-73.86719,"(40.87047, -73.86719)",,,3050      WHITE PLAINS ROAD             ,0,0,0,0,0,0,0,0,Unspecified,Unspecified,,,,4381144,Sedan,Sedan,,,
2021-01-03T00:00:00.000,8:42,,,40.77747,-73.91731,"(40.77747, -73.91731)",23 AVENUE                       ,,,2,0,0,0,0,0,2,0,Failure to Yield Right-of-Way,Unspecified,Unspecified,,,4381145,Station Wagon/Sport Utility Vehicle,Station Wagon/Sport Utility Vehicle,Sedan,,
2021-01-02T00:00:00.000,7:00,BROOKLYN,11236.0,40.641304,-73.91347,"(40.641304, -73.91347)",,,598       EAST 85 STREET                ,0,0,0,0,0,0,0,0,Unsafe Speed,,,,,4381148,Sedan,,,,
2021-01-01T00:00:00.000,12:50,,,40.68039,-73.94956,"(40.68039, -73.94956)",FULTON STREET                   ,,,1,0,0,0,1,0,0,0,Driver Inattention/Distraction,Unspecified,,,,4381149,Bike,Sedan,,,
2021-01-03T00:00:00.000,8:18,BROOKLYN,11236.0,40.63682,-73.90218,"(40.63682, -73.90218)",REMSEN AVENUE                   ,AVENUE K,,0,0,0,0,0,0,0,0,Driver Inattention/Distraction,Unspecified,,,,4381150,Ambulance,Pick-up Truck,,,
2021-01-01T00:00:00.000,16:50,BRONX,10466.0,,,,,,1985      SCHIEFELIN AVENUE             ,0,0,0,0,0,0,0,0,Unspecified,,,,,4381151,Sedan,,,,
2021-01-02T00:00:00.000,12:00,BRONX,10466.0,40.895325,-73.851295,"(40.895325, -73.851295)",BOYD AVENUE                     ,PITMAN AVENUE,,0,0,0,0,0,0,0,0,Driver Inattention/Distraction,Unspecified,,,,4381152,Sedan,Station Wagon/Sport Utility Vehicle,,,
2021-01-03T00:00:00.000,1:11,BRONX,10467.0,40.883575,-73.86281,"(40.883575, -73.86281)",WHITE PLAINS ROAD               ,EAST 219 STREET,,0,0,0,0,0,0,0,0,Driver Inattention/Distraction,Unspecified,,,,4381154,Taxi,Sedan,,,
2021-01-01T00:00:00.000,1:50,BROOKLYN,11221.0,40.68723,-73.941795,"(40.68723, -73.941795)",THROOP AVENUE                   ,GATES AVENUE,,0,0,0,0,0,0,0,0,Failure to Yield Right-of-Way,Unspecified,,,,4381155,Sedan,Sedan,,,
2021-01-03T00:00:00.000,1:45,BRONX,10469.0,40.879784,-73.84879,"(40.879784, -73.84879)",,,1485      NEEDHAM AVENUE                ,0,0,0,0,0,0,0,0,Unspecified,,,,,4381157,Sedan,,,,
2021-01-03T00:00:00.000,13:26,,,40.75388,-73.96616,"(40.75388, -73.96616)",1 AVENUE                        ,,,1,0,1,0,0,0,0,0,Driver Inattention/Distraction,,,,,4381158,Station Wagon/Sport Utility Vehicle,,,,
2021-01-02T00:00:00.000,0:00,,,40.812008,-73.951515,"(40.812008, -73.951515)",SAINT NICHOLAS AVENUE           ,,,1,0,1,0,0,0,0,0,Unspecified,,,,,4381159,Station Wagon/Sport Utility Vehicle,,,,
2021-01-01T00:00:00.000,17:25,QUEENS,11373.0,40.745697,-73.88642,"(40.745697, -73.88642)",41 AVENUE                       ,79 STREET,,1,0,1,0,0,0,0,0,Driver Inattention/Distraction,,,,,4381160,Station Wagon/Sport Utility Vehicle,,,,
2021-01-01T00:00:00.000,4:02,BROOKLYN,11221.0,40.68781,-73.9237,"(40.68781, -73.9237)",MADISON STREET                  ,RALPH AVENUE,,1,0,0,0,1,0,0,0,Driver Inattention/Distraction,Unspecified,,,,4381162,Bike,,,,
2021-01-01T00:00:00.000,11:35,BROOKLYN,11233.0,40.676758,-73.917404,"(40.676758, -73.917404)",ATLANTIC AVENUE                 ,LOUIS PLACE,,1,0,0,0,0,0,1,0,Driver Inattention/Distraction,Unspecified,,,,4381163,Sedan,Station Wagon/Sport Utility Vehicle,,,
2021-01-01T00:00:00.000,23:30,QUEENS,11373.0,40.743973,-73.8851,"(40.743973, -73.8851)",BROADWAY                        ,WOODSIDE AVENUE,,0,0,0,0,0,0,0,0,Failure to Yield Right-of-Way,Unspecified,,,,4381164,Station Wagon/Sport Utility Vehicle,Station Wagon/Sport Utility Vehicle,,,
2021-01-02T00:00:00.000,13:48,QUEENS,11373.0,40.734737,-73.87227,"(40.734737, -73.87227)",57 AVENUE                       ,90 STREET,,1,0,0,0,0,0,1,0,Driver Inattention/Distraction,Unspecified,,,,4381165,Sedan,Sedan,,,
2021-01-01T00:00:00.000,5:00,QUEENS,11385.0,40.71282,-73.90378,"(40.71282, -73.90378)",METROPOLITAN AVENUE             ,60 PLACE,,2,0,0,0,0,0,2,0,Unsafe Speed,Unspecified,,,,4381166,Station Wagon/Sport Utility Vehicle,Station Wagon/Sport Utility Vehicle,,,
2021-01-01T00:00:00.000,6:20,,,40.671627,-73.93364,"(40.671627, -73.93364)",STERLING PLACE                  ,,,0,0,0,0,0,0,0,0,Traffic Control Disregarded,Unspecified,Unspecified,,,4381168,Sedan,Station Wagon/Sport Utility Vehicle,Sedan,,
2021-01-02T00:00:00.000,20:15,,,40.689686,-73.89029,"(40.689686, -73.89029)",JACKIE ROBINSON PKWY            ,,,1,0,0,0,0,0,1,0,Passing or Lane Usage Improper,Unspecified,,,,4381169,Station Wagon/Sport Utility Vehicle,Sedan,,,
2021-01-02T00:00:00.000,17:40,QUEENS,11373.0,40.735634,-73.87602,"(40.735634, -73.87602)",QUEENS BOULEVARD                ,55 AVENUE,,3,0,0,0,0,0,3,0,Driver Inattention/Distraction,Driver Inexperience,,,,4381170,Sedan,Station Wagon/Sport Utility Vehicle,,,
2021-01-01T00:00:00.000,5:40,MANHATTAN,10027.0,40.813797,-73.94987,"(40.813797, -73.94987)",SAINT NICHOLAS AVENUE           ,WEST 130 STREET,,0,0,0,0,0,0,0,0,Unspecified,Unspecified,,,,4381171,Sedan,Station Wagon/Sport Utility Vehicle,,,
2021-01-02T00:00:00.000,7:47,BROOKLYN,11213.0,40.671707,-73.93084,"(40.671707, -73.93084)",,,209       UTICA AVENUE                  ,0,0,0,0,0,0,0,0,Driver Inattention/Distraction,Unspecified,,,,4381177,Station Wagon/Sport Utility Vehicle,,,,
2021-01-02T00:00:00.000,21:00,,,40.73594,-73.85887,"(40.73594, -73.85887)",HORACE HARDING EXPRESSWAY       ,99 STREET,,0,0,0,0,0,0,0,0,Driver Inattention/Distraction,Unspecified,,,,4381178,Sedan,,,,
2021-01-02T00:00:00.000,13:12,QUEENS,11379.0,40.722076,-73.885544,"(40.722076, -73.885544)",,,74-07     ELIOT AVENUE                  ,0,0,0,0,0,0,0,0,Other Vehicular,View Obstructed/Limited,,,,4381179,Sedan,Sedan,,,
2021-01-03T00:00:00.000,2:50,QUEENS,11373.0,40.741615,-73.88182,"(40.741615, -73.88182)",,,45-02     83 STREET                     ,0,0,0,0,0,0,0,0,Unspecified,,,,,4381180,Sedan,,,,
2021-01-01T00:00:00.000,21:06,MANHATTAN,10027.0,40.81404,-73.95687,"(40.81404, -73.95687)",,,522       WEST 125 STREET               ,0,0,0,0,0,0,0,0,Driver Inattention/Distraction,Unspecified,,,,4381181,Sedan,Sedan,,,
2021-01-03T00:00:00.000,0:00,,,,,,ALEXANDER HAMILTON BRIDGE       ,,,3,0,0,0,0,0,3,0,Passing or Lane Usage Improper,Passing or Lane Usage Improper,,,,4381182,Station Wagon/Sport Utility Vehicle,Station Wagon/Sport Utility Vehicle,,,
2021-01-02T00:00:00.000,15:15,,,40.755516,-73.961105,"(40.755516, -73.961105)",FDR DRIVE                       ,,,0,0,0,0,0,0,0,0,Following Too Closely,Unspecified,,,,4381184,Sedan,Station Wagon/Sport Utility Vehicle,,,
2021-01-02T00:00:00.000,19:10,BRONX,10466.0,40.884956,-73.85416,"(40.884956, -73.85416)",,,928       EAST 224 STREET               ,0,0,0,0,0,0,0,0,Reaction to Uninvolved Vehicle,Unspecified,,,,4381187,Station Wagon/Sport Utility Vehicle,Tanker,,,
2021-01-01T00:00:00.000,8:18,,,,,,HUTCHINSON RIVER PARKWAY        ,,,1,0,0,0,0,0,1,0,Driver Inattention/Distraction,,,,,4381189,Sedan,,,,
2021-01-03T00:00:00.000,0:15,QUEENS,11693.0,40.602238,-73.82019,"(40.602238, -73.82019)",,,15-001    CROSS BAY BOULEVARD           ,0,0,0,0,0,0,0,0,Driver Inattention/Distraction,Unspecified,Unspecified,,,4381192,Sedan,Sedan,Sedan,,
2021-01-03T00:00:00.000,11:30,,,,,,HUTCHINSON RIVER PARKWAY        ,,,0,0,0,0,0,0,0,0,Unspecified,,,,,4381193,Station Wagon/Sport Utility Vehicle,,,,
2021-01-02T00:00:00.000,3:49,,,40.78542,-73.98399,"(40.78542, -73.98399)",HENRY HUDSON PARKWAY            ,,,1,0,0,0,0,0,1,0,Pavement Slippery,,,,,4381195,Station Wagon/Sport Utility Vehicle,,,,
2021-01-02T00:00:00.000,18:15,MANHATTAN,10024.0,40.785732,-73.97645,"(40.785732, -73.97645)",WEST 83 STREET                  ,AMSTERDAM AVENUE,,1,0,0,0,1,0,0,0,Passenger Distraction,Unspecified,,,,4381196,Sedan,Bike,,,
2021-01-03T00:00:00.000,15:30,BROOKLYN,11223.0,40.59793,-73.9855,"(40.59793, -73.9855)",AVENUE T                        ,STILLWELL AVENUE,,1,0,1,0,0,0,0,0,Failure to Yield Right-of-Way,,,,,4381198,Station Wagon/Sport Utility Vehicle,,,,
2021-01-01T00:00:00.000,9:58,MANHATTAN,10027.0,40.80805,-73.95272,"(40.80805, -73.95272)",,,2264      8 AVENUE                      ,0,0,0,0,0,0,0,0,Passing Too Closely,Unspecified,,,,4381200,Station Wagon/Sport Utility Vehicle,Sedan,,,
2021-01-01T00:00:00.000,16:25,,,40.85119,-73.84434,"(40.85119, -73.84434)",EASTCHESTER ROAD                ,MORRIS PARK AVENUE,,1,0,0,0,0,0,1,0,Driver Inattention/Distraction,Unspecified,,,,4381201,Sedan,Sedan,,,
2021-01-02T00:00:00.000,18:12,BRONX,10469.0,40.86544,-73.85579,"(40.86544, -73.85579)",ALLERTON AVENUE                 ,LACONIA AVENUE,,0,0,0,0,0,0,0,0,Following Too Closely,Unspecified,,,,4381202,Station Wagon/Sport Utility Vehicle,Bus,,,
2021-01-01T00:00:00.000,18:40,MANHATTAN,10024.0,40.78766,-73.97707,"(40.78766, -73.97707)",BROADWAY                        ,WEST 85 STREET,,1,0,1,0,0,0,0,0,Driver Inattention/Distraction,,,,,4381203,Sedan,,,,
2021-01-03T00:00:00.000,5:50,BROOKLYN,11203.0,40.65461,-73.92876,"(40.65461, -73.92876)",,,262       EAST 52 STREET                ,0,0,0,0,0,0,0,0,Alcohol Involvement,Unspecified,Unspecified,Unspecified,Unspecified,4381205,Station Wagon/Sport Utility Vehicle,Station Wagon/Sport Utility Vehicle,Sedan,Sedan,Station Wagon/Sport Utility Vehicle
2021-01-01T00:00:00.000,7:40,BROOKLYN,11238.0,40.68108,-73.95979,"(40.68108, -73.95979)",,,102       LEFFERTS PLACE                ,0,0,0,0,0,0,0,0,Unspecified,Unspecified,,,,4381206,Station Wagon/Sport Utility Vehicle,,,,
2021-01-01T00:00:00.000,13:30,BROOKLYN,11238.0,40.688744,-73.961136,"(40.688744, -73.961136)",,,360       LAFAYETTE AVENUE              ,0,0,0,0,0,0,0,0,Unspecified,Unspecified,,,,4381207,Sedan,Sedan,,,
2021-01-02T00:00:00.000,13:40,MANHATTAN,10035.0,40.801807,-73.93424,"(40.801807, -73.93424)",,,2409      2 AVENUE                      ,0,0,0,0,0,0,0,0,Unspecified,,,,,4381209,Sedan,Sedan,,,
2021-01-02T00:00:00.000,22:38,BRONX,10459.0,40.821068,-73.89894,"(40.821068, -73.89894)",WESTCHESTER AVENUE              ,EAST 163 STREET,,3,0,0,0,0,0,3,0,Reaction to Uninvolved Vehicle,,,,,4381210,Taxi,,,,
2021-01-03T00:00:00.000,10:00,MANHATTAN,10035.0,40.798138,-73.9384,"(40.798138, -73.9384)",,,250       EAST 117 STREET               ,0,0,0,0,0,0,0,0,Unspecified,,,,,4381211,Station Wagon/Sport Utility Vehicle,,,,
2021-01-03T00:00:00.000,17:30,MANHATTAN,10002.0,40.71598,-73.983734,"(40.71598, -73.983734)",,,19        PITT STREET                   ,0,0,0,0,0,0,0,0,Driver Inattention/Distraction,Unspecified,,,,4381212,Station Wagon/Sport Utility Vehicle,Van,,,
2021-01-03T00:00:00.000,12:19,,,40.794735,-73.96988,"(40.794735, -73.96988)",WEST 97 STREET                  ,,,1,0,0,0,0,0,1,0,Traffic Control Disregarded,Unspecified,,,,4381213,Sedan,Sedan,,,
2021-01-03T00:00:00.000,17:18,,,40.610844,-73.991776,"(40.610844, -73.991776)",BAY RIDGE PARKWAY               ,,,1,0,1,0,0,0,0,0,Driver Inattention/Distraction,,,,,4381214,Sedan,,,,
2021-01-03T00:00:00.000,14:30,BROOKLYN,11213.0,40.67176,-73.93084,"(40.67176, -73.93084)",,,207       UTICA AVENUE                  ,0,0,0,0,0,0,0,0,Driver Inattention/Distraction,Unspecified,,,,4381215,Sedan,,,,
2021-01-03T00:00:00.000,15:57,,,40.673843,-73.92509,"(40.673843, -73.92509)",BUFFALO AVENUE                  ,,,1,0,0,0,0,0,1,0,Traffic Control Disregarded,Unspecified,,,,4381216,Station Wagon/Sport Utility Vehicle,Sedan,,,
2021-01-03T00:00:00.000,16:00,QUEENS,11377.0,40.740273,-73.89586,"(40.740273, -73.89586)",69 STREET                       ,QUEENS BOULEVARD,,0,0,0,0,0,0,0,0,Driver Inattention/Distraction,Unspecified,,,,4381217,Sedan,Sedan,,,
2021-01-03T00:00:00.000,2:38,QUEENS,11101.0,40.749313,-73.95224,"(40.749313, -73.95224)",,,44-36     VERNON BOULEVARD              ,0,0,0,0,0,0,0,0,Aggressive Driving/Road Rage,,,,,4381218,Sedan,,,,
2021-01-03T00:00:00.000,16:00,BROOKLYN,11213.0,40.670887,-73.93649,"(40.670887, -73.93649)",SAINT JOHNS PLACE               ,TROY AVENUE,,0,0,0,0,0,0,0,0,Passing Too Closely,Unspecified,,,,4381219,Sedan,Sedan,,,
2021-01-03T00:00:00.000,12:08,,,40.72857,-73.85809,"(40.72857, -73.85809)",65 ROAD                         ,QUEENS BOULEVARD,,1,0,1,0,0,0,0,0,Failure to Yield Right-of-Way,,,,,4381220,Station Wagon/Sport Utility Vehicle,,,,
2021-01-01T00:00:00.000,23:05,MANHATTAN,10035.0,40.80142,-73.93446,"(40.80142, -73.93446)",EAST 123 STREET                 ,2 AVENUE,,1,0,0,0,1,0,0,0,Pedestrian/Bicyclist/Other Pedestrian Error/Confusion,Unspecified,,,,4381222,Bike,Sedan,,,
2021-01-03T00:00:00.000,17:20,,,,,,WHITESTONE EXPRESSWAY           ,20 AVENUE,,1,0,1,0,0,0,0,0,Pavement Slippery,,,,,4381223,Sedan,,,,
2021-01-03T00:00:00.000,19:10,QUEENS,11360.0,40.778473,-73.77655,"(40.778473, -73.77655)",,,213-15    26 AVENUE                     ,0,0,0,0,0,0,0,0,Backing Unsafely,Unspecified,,,,4381224,Sedan,Station Wagon/Sport Utility Vehicle,,,
2021-01-03T00:00:00.000,14:30,,,40.756096,-73.74655,"(40.756096, -73.74655)",CROSS ISLAND PARKWAY            ,,,0,0,0,0,0,0,0,0,Following Too Closely,Unspecified,,,,4381226,Station Wagon/Sport Utility Vehicle,Station Wagon/Sport Utility Vehicle,,,
2021-01-03T00:00:00.000,16:30,,,40.754986,-73.74535,"(40.754986, -73.74535)",CROSS ISLAND PARKWAY            ,,,0,0,0,0,0,0,0,0,Driver Inexperience,Unspecified,,,,4381227,Station Wagon/Sport Utility Vehicle,Sedan,,,
2021-01-03T00:00:00.000,16:30,,,40.754986,-73.74535,"(40.754986, -73.74535)",CROSS ISLAND PARKWAY            ,,,0,0,0,0,0,0,0,0,Driver Inexperience,Unspecified,Unspecified,,,4381228,Sedan,Station Wagon/Sport Utility Vehicle,Station Wagon/Sport Utility Vehicle,,
2021-01-03T00:00:00.000,18:40,,,40.69822,-73.943954,"(40.69822, -73.943954)",PARK AVENUE                     ,,,0,0,0,0,0,0,0,0,Obstruction/Debris,,,,,4381229,Ambulance,,,,
2021-01-03T00:00:00.000,6:00,,,40.704067,-73.93861,"(40.704067, -73.93861)",MOORE STREET                    ,BUSHWICK AVENUE,,0,0,0,0,0,0,0,0,Driver Inattention/Distraction,Other Vehicular,,,,4381230,Sedan,Sedan,,,
2021-01-03T00:00:00.000,17:01,BROOKLYN,11206.0,40.70665,-73.95042,"(40.70665, -73.95042)",MONTROSE AVENUE                 ,UNION AVENUE,,1,0,1,0,0,0,0,0,Failure to Yield Right-of-Way,,,,,4381232,Station Wagon/Sport Utility Vehicle,,,,
2021-01-03T00:00:00.000,9:00,BROOKLYN,11211.0,40.714066,-73.94938,"(40.714066, -73.94938)",LORIMER STREET                  ,METROPOLITAN AVENUE,,0,0,0,0,0,0,0,0,Driver Inattention/Distraction,Unspecified,,,,4381233,Sedan,,,,
2021-01-02T00:00:00.000,22:00,BROOKLYN,11249.0,40.708195,-73.96594,"(40.708195, -73.96594)",SOUTH 10 STREET                 ,BERRY STREET,,0,0,0,0,0,0,0,0,Driver Inattention/Distraction,Unspecified,,,,4381234,Sedan,,,,
2021-01-03T00:00:00.000,17:15,BROOKLYN,11206.0,40.70717,-73.94491,"(40.70717, -73.94491)",MONTROSE AVENUE                 ,MANHATTAN AVENUE,,1,0,1,0,0,0,0,0,Failure to Yield Right-of-Way,,,,,4381235,Station Wagon/Sport Utility Vehicle,,,,
2021-01-03T00:00:00.000,19:00,QUEENS,11377.0,40.742073,-73.89837,"(40.742073, -73.89837)",66 STREET                       ,43 AVENUE,,0,0,0,0,0,0,0,0,Driver Inattention/Distraction,Unspecified,,,,4381236,Sedan,Sedan,,,
2021-01-03T00:00:00.000,18:30,,,40.69822,-73.943954,"(40.69822, -73.943954)",PARK AVENUE                     ,,,1,0,0,0,1,0,0,0,Driver Inattention/Distraction,Driver Inattention/Distraction,,,,4381237,Station Wagon/Sport Utility Vehicle,E-Bike,,,
2021-01-03T00:00:00.000,10:20,,,40.699265,-73.72717,"(40.699265, -73.72717)",CROSS ISLAND PARKWAY            ,,,0,0,0,0,0,0,0,0,Reaction to Uninvolved Vehicle,,,,,4381238,Sedan,,,,
2021-01-02T00:00:00.000,12:10,STATEN ISLAND,10310.0,40.63209,-74.12169,"(40.63209, -74.12169)",CARY AVENUE                     ,ROE STREET,,1,0,0,0,0,0,1,0,Driver Inattention/Distraction,,,,,4381239,Motorcycle,,,,
2021-01-02T00:00:00.000,11:56,STATEN ISLAND,10301.0,40.639866,-74.08156,"(40.639866, -74.08156)",,,109       BENZIGER AVENUE               ,0,0,0,0,0,0,0,0,Driver Inattention/Distraction,,,,,4381240,Sedan,,,,
2021-01-03T00:00:00.000,16:00,,,40.743824,-73.979515,"(40.743824, -73.979515)",3 AVENUE                        ,,,1,0,0,0,0,0,1,0,Driver Inattention/Distraction,Driver Inattention/Distraction,,,,4381241,Station Wagon/Sport Utility Vehicle,Box Truck,,,
2021-01-02T00:00:00.000,20:53,STATEN ISLAND,10310.0,40.64231,-74.111725,"(40.64231, -74.111725)",,,28        PELTON AVENUE                 ,0,0,0,0,0,0,0,0,Unsafe Speed,Unspecified,,,,4381243,Sedan,,,,
2021-01-01T00:00:00.000,16:40,MANHATTAN,10034.0,40.864403,-73.923775,"(40.864403, -73.923775)",SHERMAN AVENUE                  ,ACADEMY STREET,,0,0,0,0,0,0,0,0,Unsafe Speed,Unspecified,,,,4381244,Station Wagon/Sport Utility Vehicle,Sedan,,,
2021-01-03T00:00:00.000,10:01,BROOKLYN,11228.0,40.616695,-74.00761,"(40.616695, -74.00761)",14 AVENUE                       ,79 STREET,,0,0,0,0,0,0,0,0,Driver Inattention/Distraction,Unspecified,,,,4381245,Sedan,Bike,,,
2021-01-03T00:00:00.000,16:27,,,40.698433,-73.903366,"(40.698433, -73.903366)",CYPRESS AVENUE                  ,,,0,0,0,0,0,0,0,0,Driver Inattention/Distraction,Unspecified,,,,4381246,Sedan,Station Wagon/Sport Utility Vehicle,,,
2021-01-02T00:00:00.000,18:25,QUEENS,11378.0,40.7139,-73.90881,"(40.7139, -73.90881)",ANDREWS AVENUE                  ,55 STREET,,0,0,0,0,0,0,0,0,Passing or Lane Usage Improper,Unspecified,,,,4381247,Pick-up Truck,Station Wagon/Sport Utility Vehicle,,,
2021-01-03T00:00:00.000,19:30,QUEENS,11435.0,40.714355,-73.82388,"(40.714355, -73.82388)",,,81-09     134 STREET                    ,1,0,0,0,0,0,1,0,Unspecified,,,,,4381248,Station Wagon/Sport Utility Vehicle,,,,
2021-01-03T00:00:00.000,19:50,,,40.74084,-73.72681,"(40.74084, -73.72681)",CROSS ISLAND PARKWAY            ,,,2,0,0,0,0,0,2,0,Unspecified,Unspecified,,,,4381249,Sedan,Sedan,,,
2021-01-03T00:00:00.000,16:00,,,,,,ROCKAWAY BOULEVARD              ,BROOKVILLE BOULEVARD,,0,0,0,0,0,0,0,0,Driver Inattention/Distraction,Unspecified,,,,4381250,Station Wagon/Sport Utility Vehicle,Sedan,,,
2021-01-03T00:00:00.000,12:00,QUEENS,11422.0,40.652557,-73.746,"(40.652557, -73.746)",,,238-69    149 AVENUE                    ,0,0,0,0,0,0,0,0,Pavement Defective,Unspecified,Unspecified,Unspecified,,4381252,Sedan,Sedan,Sedan,Sedan,
2021-01-03T00:00:00.000,13:06,QUEENS,11429.0,40.713898,-73.7488,"(40.713898, -73.7488)",99 AVENUE                       ,211 STREET,,1,0,0,0,0,0,1,0,Unspecified,Unspecified,,,,4381253,Station Wagon/Sport Utility Vehicle,Station Wagon/Sport Utility Vehicle,,,
2021-01-03T00:00:00.000,19:38,STATEN ISLAND,10310.0,40.629684,-74.11123,"(40.629684, -74.11123)",FOREST AVENUE                   ,BEMENT AVENUE,,2,0,0,0,0,0,2,0,Driver Inexperience,Unspecified,,,,4381254,Station Wagon/Sport Utility Vehicle,Sedan,,,
2021-01-03T00:00:00.000,17:20,QUEENS,11427.0,40.72994,-73.74481,"(40.72994, -73.74481)",HILLSIDE AVENUE                 ,SPRINGFIELD BOULEVARD,,1,0,1,0,0,0,0,0,Failure to Yield Right-of-Way,,,,,4381255,Station Wagon/Sport Utility Vehicle,,,,
2021-01-03T00:00:00.000,20:00,BROOKLYN,11223.0,40.595886,-73.98315,"(40.595886, -73.98315)",WEST 12 STREET                  ,AVENUE U,,0,0,0,0,0,0,0,0,Failure to Yield Right-of-Way,Unspecified,,,,4381256,Sedan,Sedan,,,
2021-01-03T00:00:00.000,19:25,MANHATTAN,10034.0,40.86369,-73.91707,"(40.86369, -73.91707)",WEST 207 STREET                 ,9 AVENUE,,0,0,0,0,0,0,0,0,Pavement Slippery,Aggressive Driving/Road Rage,,,,4381257,Sedan,,,,
2021-01-02T00:00:00.000,1:20,,,40.763496,-73.80734,"(40.763496, -73.80734)",158 STREET                      ,,,0,0,0,0,0,0,0,0,Steering Failure,,,,,4381259,Sedan,,,,
2021-01-03T00:00:00.000,22:30,,,40.753788,-73.744286,"(40.753788, -73.744286)",CROSS ISLAND PARKWAY            ,,,0,0,0,0,0,0,0,0,Driver Inattention/Distraction,Unspecified,,,,4381261,Station Wagon/Sport Utility Vehicle,Sedan,,,
2021-01-03T00:00:00.000,16:02,,,40.766357,-73.7811,"(40.766357, -73.7811)",CLEARVIEW EXPRESSWAY            ,,,0,0,0,0,0,0,0,0,Unsafe Speed,,,,,4381262,Sedan,,,,
2021-01-03T00:00:00.000,21:00,,,40.74342,-73.89578,"(40.74342, -73.89578)",69 STREET                       ,BROOKLYN QUEENS EXPRESSWAY,,2,0,0,0,0,0,2,0,Traffic Control Disregarded,Driver Inattention/Distraction,,,,4381263,Sedan,Sedan,,,
2021-01-03T00:00:00.000,13:50,,,40.645256,-73.874954,"(40.645256, -73.874954)",BELT PARKWAY                    ,,,0,0,0,0,0,0,0,0,Other Vehicular,Unspecified,,,,4381264,Sedan,Station Wagon/Sport Utility Vehicle,,,
2021-01-03T00:00:00.000,21:00,QUEENS,11429.0,40.7146,-73.74023,"(40.7146, -73.74023)",HEMPSTEAD AVENUE                ,217 PLACE,,2,0,0,0,0,0,2,0,Driver Inattention/Distraction,Unspecified,,,,4381265,Sedan,Sedan,,,
2021-01-01T00:00:00.000,4:00,QUEENS,11427.0,40.72804,-73.74042,"(40.72804, -73.74042)",,,89-96     221 STREET                    ,0,0,0,0,0,0,0,0,Unspecified,,,,,4381266,Station Wagon/Sport Utility Vehicle,,,,
2021-01-04T00:00:00.000,3:30,BROOKLYN,11220.0,40.639854,-74.0122,"(40.639854, -74.0122)",57 STREET                       ,6 AVENUE,,0,0,0,0,0,0,0,0,Traffic Control Disregarded,Unspecified,Unspecified,Unspecified,,4381267,Station Wagon/Sport Utility Vehicle,Sedan,Sedan,Station Wagon/Sport Utility Vehicle,
2021-01-03T00:00:00.000,18:00,QUEENS,11368.0,40.74211,-73.8558,"(40.74211, -73.8558)",,,105-21    53 AVENUE                     ,0,0,0,0,0,0,0,0,Passing or Lane Usage Improper,Unspecified,Unspecified,,,4381268,Sedan,Station Wagon/Sport Utility Vehicle,Sedan,,
2021-01-03T00:00:00.000,19:58,QUEENS,11368.0,40.74869,-73.85772,"(40.74869, -73.85772)",43 AVENUE                       ,108 STREET,,0,0,0,0,0,0,0,0,Passenger Distraction,Unspecified,,,,4381269,Sedan,Sedan,,,
2021-01-03T00:00:00.000,22:40,QUEENS,11368.0,40.738373,-73.86008,"(40.738373, -73.86008)",99 STREET                       ,57 AVENUE,,1,0,0,0,0,0,1,0,Driver Inattention/Distraction,Unspecified,,,,4381270,Sedan,Sedan,,,
2021-01-03T00:00:00.000,21:50,,,,,,ELLINGTON PARKWAY               ,,,0,0,0,0,0,0,0,0,Illnes,,,,,4381271,Sedan,,,,
2021-01-03T00:00:00.000,22:10,BROOKLYN,11205.0,40.698036,-73.962845,"(40.698036, -73.962845)",WILLIAMSBURG STREET WEST        ,FLUSHING AVENUE,,0,0,0,0,0,0,0,0,Driver Inattention/Distraction,Unspecified,,,,4381272,Sedan,Sedan,,,
2021-01-02T00:00:00.000,23:22,BROOKLYN,11238.0,40.670883,-73.96792,"(40.670883, -73.96792)",,,417       FLATBUSH AVENUE               ,0,0,0,0,0,0,0,0,Unspecified,Unspecified,,,,4381273,Sedan,Sedan,,,
2021-01-04T00:00:00.000,3:30,,,40.59565,-73.908165,"(40.59565, -73.908165)",BELT PARKWAY                    ,,,1,0,0,0,0,0,1,0,Driver Inattention/Distraction,,,,,4381274,Sedan,,,,
2021-01-03T00:00:00.000,13:00,,,40.714104,-73.95322,"(40.714104, -73.95322)",BROOKLYN QUEENS EXPRESSWAY      ,,,1,0,0,0,0,0,1,0,Driver Inattention/Distraction,,,,,4381275,Sedan,,,,
2021-01-01T00:00:00.000,1:40,BROOKLYN,11206.0,40.71074,-73.94548,"(40.71074, -73.94548)",MANHATTAN AVENUE                ,MAUJER STREET,,1,0,1,0,0,0,0,0,Fatigued/Drowsy,,,,,4381276,Sedan,,,,
2021-01-03T00:00:00.000,19:15,,,,,,CROSS BRONX EXPY                ,,,0,0,0,0,0,0,0,0,Unsafe Lane Changing,Unspecified,,,,4381279,Station Wagon/Sport Utility Vehicle,Tractor Truck Diesel,,,
2021-01-03T00:00:00.000,15:05,,,40.73283,-73.97415,"(40.73283, -73.97415)",FDR DRIVE                       ,,,0,0,0,0,0,0,0,0,Reaction to Uninvolved Vehicle,Unspecified,Unspecified,Unspecified,Unspecified,4381280,Station Wagon/Sport Utility Vehicle,Station Wagon/Sport Utility Vehicle,Sedan,Sedan,Station Wagon/Sport Utility Vehicle
2021-01-03T00:00:00.000,21:31,,,40.70504,-73.959045,"(40.70504, -73.959045)",BROOKLYN QUEENS EXPRESSWAY      ,,,3,0,0,0,0,0,3,0,Unsafe Lane Changing,Unspecified,Unspecified,,,4381282,Sedan,Sedan,Truck,,
2021-01-02T00:00:00.000,23:45,,,40.586117,-73.93604,"(40.586117, -73.93604)",BELT PARKWAY                    ,,,0,0,0,0,0,0,0,0,Unsafe Speed,Unspecified,,,,4381283,Station Wagon/Sport Utility Vehicle,Sedan,,,
2021-01-03T00:00:00.000,2:20,,,40.584755,-73.94712,"(40.584755, -73.94712)",BELT PARKWAY                    ,,,6,0,0,0,0,0,6,0,Unspecified,Unspecified,Unspecified,Unspecified,Unspecified,4381284,Sedan,Sedan,Taxi,Sedan,Sedan
2021-01-03T00:00:00.000,12:10,BRONX,10452.0,40.843975,-73.913864,"(40.843975, -73.913864)",TOWNSEND AVENUE                 ,EAST MOUNT EDEN AVENUE,,0,0,0,0,0,0,0,0,Traffic Control Disregarded,Unspecified,,,,4381285,Station Wagon/Sport Utility Vehicle,Sedan,,,
2021-01-03T00:00:00.000,15:45,BROOKLYN,11223.0,40.595566,-73.96645,"(40.595566, -73.96645)",AVENUE V                        ,EAST 5 STREET,,0,0,0,0,0,0,0,0,Unspecified,Unspecified,,,,4381286,Sedan,Sedan,,,
2021-01-03T00:00:00.000,15:45,BRONX,10452.0,40.84104,-73.92195,"(40.84104, -73.92195)",GRANT HIGHWAY                   ,SHAKESPEARE AVENUE,,0,0,0,0,0,0,0,0,Unspecified,,,,,4381287,Station Wagon/Sport Utility Vehicle,,,,
2021-01-04T00:00:00.000,1:03,QUEENS,11378.0,40.722675,-73.921425,"(40.722675, -73.921425)",,,56-13     48 STREET                     ,0,0,0,0,0,0,0,0,Driver Inattention/Distraction,Unspecified,,,,4381288,Sedan,Sedan,,,
2021-01-04T00:00:00.000,0:40,,,,,,QUEENSBORO BRIDGE UPPER         ,,,0,0,0,0,0,0,0,0,Driver Inattention/Distraction,,,,,4381289,Sedan,,,,
2021-01-02T00:00:00.000,10:20,,,40.58478,-73.94526,"(40.58478, -73.94526)",BELT PARKWAY                    ,,,5,0,0,0,0,0,5,0,Outside Car Distraction,Unspecified,Unspecified,,,4381290,Sedan,Sedan,Sedan,,
2021-01-03T00:00:00.000,5:45,MANHATTAN,10021.0,40.77039,-73.954124,"(40.77039, -73.954124)",EAST 76 STREET                  ,1 AVENUE,,0,0,0,0,0,0,0,0,Traffic Control Disregarded,Unspecified,,,,4381291,Station Wagon/Sport Utility Vehicle,,,,
2021-01-03T00:00:00.000,10:50,MANHATTAN,10065.0,40.76311,-73.962524,"(40.76311, -73.962524)",EAST 63 STREET                  ,2 AVENUE,,1,0,0,0,0,0,1,0,Driver Inattention/Distraction,Driver Inattention/Distraction,,,,4381292,Taxi,Pick-up Truck,,,
2021-01-03T00:00:00.000,21:24,BROOKLYN,11229.0,40.60924,-73.95714,"(40.60924, -73.95714)",,,1620      KINGS HIGHWAY                 ,2,0,0,0,0,0,2,0,Driver Inexperience,Unspecified,,,,4381293,Station Wagon/Sport Utility Vehicle,Station Wagon/Sport Utility Vehicle,,,
2021-01-04T00:00:00.000,0:00,BROOKLYN,11223.0,40.595886,-73.98315,"(40.595886, -73.98315)",AVENUE U                        ,WEST 12 STREET,,0,0,0,0,0,0,0,0,Failure to Yield Right-of-Way,Unspecified,Unspecified,,,4381294,Sedan,Sedan,Sedan,,
2021-01-02T00:00:00.000,19:03,BROOKLYN,11211.0,40.71473,-73.94208,"(40.71473, -73.94208)",METROPOLITAN AVENUE             ,BUSHWICK AVENUE,,1,0,0,0,1,0,0,0,Driver Inattention/Distraction,Unspecified,,,,4381295,Sedan,Bike,,,
2021-01-01T00:00:00.000,19:49,MANHATTAN,10065.0,40.760857,-73.961075,"(40.760857, -73.961075)",1 AVENUE                        ,EAST 61 STREET,,1,0,0,0,1,0,0,0,Driver Inattention/Distraction,Unspecified,,,,4381296,Bike,Sedan,,,
2021-01-01T00:00:00.000,19:55,MANHATTAN,10021.0,,,,EAST 73 STREET                  ,FDR DRIVE,,1,0,0,0,0,0,1,0,Failure to Yield Right-of-Way,Unspecified,,,,4381297,Sedan,Station Wagon/Sport Utility Vehicle,,,
2021-01-01T00:00:00.000,7:10,,,40.824932,-73.82431,"(40.824932, -73.82431)",RANDALL AVENUE                  ,,,0,0,0,0,0,0,0,0,Unspecified,Unspecified,,,,4381298,Sedan,Sedan,,,
2021-01-02T00:00:00.000,4:05,,,40.785866,-73.950935,"(40.785866, -73.950935)",EAST 96 STREET                  ,,,0,0,0,0,0,0,0,0,Pavement Slippery,Unspecified,,,,4381301,Ambulance,Bus,,,
2021-01-02T00:00:00.000,16:12,,,40.765545,-73.95471,"(40.765545, -73.95471)",YORK AVENUE                     ,,,1,0,1,0,0,0,0,0,Driver Inattention/Distraction,,,,,4381302,Box Truck,,,,
2021-01-04T00:00:00.000,5:06,QUEENS,11434.0,40.683018,-73.76834,"(40.683018, -73.76834)",,,123-27    MERRICK BOULEVARD             ,1,0,1,0,0,0,0,0,Driver Inattention/Distraction,,,,,4381303,Station Wagon/Sport Utility Vehicle,,,,
2021-01-02T00:00:00.000,20:41,,,40.780857,-73.958824,"(40.780857, -73.958824)",MADISON AVENUE                  ,,,1,0,1,0,0,0,0,0,Driver Inattention/Distraction,,,,,4381304,Station Wagon/Sport Utility Vehicle,,,,
2021-01-02T00:00:00.000,11:40,MANHATTAN,10028.0,40.776875,-73.94938,"(40.776875, -73.94938)",EAST 86 STREET                  ,1 AVENUE,,0,0,0,0,0,0,0,0,Driver Inattention/Distraction,Unspecified,,,,4381305,Sedan,Dump,,,
2021-01-02T00:00:00.000,10:30,BROOKLYN,11224.0,40.57413,-73.99943,"(40.57413, -73.99943)",,,2935      WEST 33 STREET                ,0,0,0,0,0,0,0,0,Unspecified,,,,,4381307,PK,,,,
2021-01-03T00:00:00.000,12:25,BROOKLYN,11214.0,40.589573,-73.98391,"(40.589573, -73.98391)",STILLWELL AVENUE                ,BAY 49 STREET,,1,0,1,0,0,0,0,0,Backing Unsafely,,,,,4381308,Sedan,,,,
2021-01-03T00:00:00.000,17:17,BROOKLYN,11223.0,40.589367,-73.98093,"(40.589367, -73.98093)",AVENUE X                        ,WEST 11 STREET,,0,0,0,0,0,0,0,0,Backing Unsafely,Unspecified,,,,4381309,Station Wagon/Sport Utility Vehicle,Station Wagon/Sport Utility Vehicle,,,
2021-01-03T00:00:00.000,0:00,BRONX,10454.0,40.805016,-73.92109,"(40.805016, -73.92109)",BROOK AVENUE                    ,EAST 134 STREET,,0,0,0,0,0,0,0,0,Unspecified,,,,,4381310,Pick-up Truck,,,,
2021-01-03T00:00:00.000,14:55,BRONX,10455.0,40.820133,-73.91307,"(40.820133, -73.91307)",EAST 156 STREET                 ,3 AVENUE,,1,0,1,0,0,0,0,0,Driver Inattention/Distraction,,,,,4381311,Station Wagon/Sport Utility Vehicle,,,,
2021-01-03T00:00:00.000,17:10,MANHATTAN,10001.0,40.743916,-73.98788,"(40.743916, -73.98788)",,,230       5 AVENUE                      ,1,0,0,0,1,0,0,0,Driver Inattention/Distraction,Unspecified,,,,4381313,Station Wagon/Sport Utility Vehicle,Bike,,,
2021-01-01T00:00:00.000,4:30,MANHATTAN,10007.0,40.711533,-74.01047,"(40.711533, -74.01047)",FULTON STREET                   ,CHURCH STREET,,0,0,0,0,0,0,0,0,Unspecified,Unspecified,,,,4381314,Taxi,Taxi,,,
2021-01-02T00:00:00.000,6:41,,,,,,BROOKLYN BATTERY TUNNEL         ,,,0,0,0,0,0,0,0,0,Passing or Lane Usage Improper,Passing or Lane Usage Improper,,,,4381315,Station Wagon/Sport Utility Vehicle,Ambulance,,,
2021-01-02T00:00:00.000,17:49,BROOKLYN,11231.0,40.67641,-74.00104,"(40.67641, -74.00104)",HAMILTON AVENUE                 ,CLINTON STREET,,2,0,2,0,0,0,0,0,Unspecified,,,,,4381319,Sedan,,,,
2021-01-03T00:00:00.000,18:19,BROOKLYN,11231.0,40.67382,-74.00484,"(40.67382, -74.00484)",,,129       LORRAINE STREET               ,1,0,0,0,1,0,0,0,Unspecified,Unspecified,,,,4381320,Sedan,Bike,,,
2021-01-01T00:00:00.000,15:00,BRONX,10456.0,40.83047,-73.90972,"(40.83047, -73.90972)",EAST 167 STREET                 ,BROOK AVENUE,,0,0,0,0,0,0,0,0,Driver Inattention/Distraction,Unspecified,,,,4381322,Sedan,Sedan,,,
2021-01-02T00:00:00.000,13:20,BROOKLYN,11217.0,40.68058,-73.989136,"(40.68058, -73.989136)",SACKETT STREET                  ,BOND STREET,,0,0,0,0,0,0,0,0,Passing Too Closely,Unspecified,,,,4381323,Sedan,Sedan,,,
2021-01-01T00:00:00.000,2:58,BRONX,10457.0,40.837654,-73.89997,"(40.837654, -73.89997)",CLAREMONT PARKWAY               ,FULTON AVENUE,,0,0,0,0,0,0,0,0,Reaction to Uninvolved Vehicle,,,,,4381324,Sedan,,,,
2021-01-01T00:00:00.000,0:45,BROOKLYN,11230.0,40.624584,-73.96516,"(40.624584, -73.96516)",,,1348      CONEY ISLAND AVENUE           ,1,0,1,0,0,0,0,0,Unspecified,,,,,4381325,,,,,
2021-01-02T00:00:00.000,13:15,BROOKLYN,11218.0,40.64454,-73.975334,"(40.64454, -73.975334)",,,531       CHURCH AVENUE                 ,0,0,0,0,0,0,0,0,Unspecified,Unspecified,,,,4381326,Sedan,Station Wagon/Sport Utility Vehicle,,,
2021-01-03T00:00:00.000,12:00,BROOKLYN,11218.0,40.63578,-73.97597,"(40.63578, -73.97597)",DITMAS AVENUE                   ,EAST 3 STREET,,1,0,1,0,0,0,0,0,Unspecified,,,,,4381327,Sedan,,,,
2021-01-03T00:00:00.000,13:24,BRONX,10460.0,40.835953,-73.88364,"(40.835953, -73.88364)",,,1016      EAST 174 STREET               ,0,0,0,0,0,0,0,0,Unspecified,,,,,4381329,Sedan,,,,
2021-01-02T00:00:00.000,23:52,BROOKLYN,11234.0,40.630165,-73.92228,"(40.630165, -73.92228)",,,1070      EAST 56 STREET                ,0,0,0,0,0,0,0,0,Other Vehicular,Unspecified,Unspecified,,,4381331,Sedan,Sedan,Station Wagon/Sport Utility Vehicle,,
2021-01-03T00:00:00.000,10:22,BROOKLYN,11234.0,40.61685,-73.92276,"(40.61685, -73.92276)",AVENUE O                        ,EAST 54 STREET,,0,0,0,0,0,0,0,0,Unspecified,,,,,4381332,Station Wagon/Sport Utility Vehicle,,,,
2021-01-03T00:00:00.000,21:16,BROOKLYN,11234.0,40.618885,-73.92789,"(40.618885, -73.92789)",EAST 49 STREET                  ,AVENUE N,,1,0,0,0,0,0,1,0,Unspecified,Unspecified,,,,4381333,Sedan,Station Wagon/Sport Utility Vehicle,,,
2021-01-04T00:00:00.000,0:20,BROOKLYN,11234.0,40.627037,-73.923836,"(40.627037, -73.923836)",,,1265      EAST 54 STREET                ,0,0,0,0,0,0,0,0,Unspecified,,,,,4381334,Station Wagon/Sport Utility Vehicle,,,,
2021-01-03T00:00:00.000,0:00,BRONX,10459.0,40.833195,-73.895134,"(40.833195, -73.895134)",EAST 170 STREET                 ,BRISTOW STREET,,0,0,0,0,0,0,0,0,Unspecified,,,,,4381337,Sedan,,,,
2021-01-03T00:00:00.000,10:32,BROOKLYN,11234.0,40.619423,-73.917244,"(40.619423, -73.917244)",,,2401      RALPH AVENUE                  ,1,0,0,0,0,0,1,0,Driver Inattention/Distraction,,,,,4381340,Sedan,,,,
2021-01-01T00:00:00.000,18:38,BRONX,10466.0,40.892963,-73.86101,"(40.892963, -73.86101)",EAST 231 STREET                 ,CARPENTER AVENUE,,1,0,1,0,0,0,0,0,Failure to Yield Right-of-Way,,,,,4381341,Sedan,,,,
2021-01-01T00:00:00.000,18:20,BRONX,10469.0,40.87122,-73.85558,"(40.87122, -73.85558)",BURKE AVENUE                    ,LACONIA AVENUE,,0,0,0,0,0,0,0,0,Driver Inattention/Distraction,Unspecified,,,,4381342,Station Wagon/Sport Utility Vehicle,Sedan,,,
2021-01-02T00:00:00.000,18:45,BRONX,10458.0,40.86723,-73.88692,"(40.86723, -73.88692)",EAST 198 STREET                 ,MARION AVENUE,,0,0,0,0,0,0,0,0,Unspecified,,,,,4381343,Station Wagon/Sport Utility Vehicle,,,,
2021-01-02T00:00:00.000,8:00,,,40.79423,-73.94695,"(40.79423, -73.94695)",EAST 108 STREET                 ,,,0,0,0,0,0,0,0,0,Passing Too Closely,Unspecified,,,,4381344,Sedan,,,,
2021-01-03T00:00:00.000,15:26,,,40.721985,-73.84523,"(40.721985, -73.84523)",70 ROAD                         ,QUEENS BOULEVARD,,1,0,1,0,0,0,0,0,Failure to Yield Right-of-Way,,,,,4381345,Station Wagon/Sport Utility Vehicle,,,,
2021-01-03T00:00:00.000,19:25,,,40.631237,-74.130585,"(40.631237, -74.130585)",,,234       JEWETT AVENUE                 ,1,0,1,0,0,0,0,0,Unspecified,,,,,4381347,Station Wagon/Sport Utility Vehicle,,,,
2021-01-03T00:00:00.000,4:38,,,40.794807,-73.94441,"(40.794807, -73.94441)",LEXINGTON AVENUE                ,,,1,0,0,0,0,0,1,0,Following Too Closely,Unspecified,,,,4381348,Station Wagon/Sport Utility Vehicle,Sedan,,,
2021-01-04T00:00:00.000,6:05,,,40.769062,-73.8369,"(40.769062, -73.8369)",WHITESTONE EXPRESSWAY           ,,,0,0,0,0,0,0,0,0,Other Vehicular,Unspecified,,,,4381349,Sedan,Sedan,,,
2021-01-01T00:00:00.000,22:40,QUEENS,11372.0,40.750824,-73.87409,"(40.750824, -73.87409)",93 STREET                       ,37 AVENUE,,1,0,1,0,0,0,0,0,,,,,,4381350,,,,,
2021-01-02T00:00:00.000,18:20,QUEENS,11370.0,40.760044,-73.89756,"(40.760044, -73.89756)",30 AVENUE                       ,70 STREET,,1,0,0,0,0,0,1,0,Unsafe Lane Changing,Unspecified,Unspecified,,,4381351,Sedan,Sedan,Sedan,,
2021-01-03T00:00:00.000,1:38,QUEENS,11372.0,40.753826,-73.88412,"(40.753826, -73.88412)",34 AVENUE                       ,83 STREET,,0,0,0,0,0,0,0,0,Alcohol Involvement,,,,,4381352,Taxi,,,,
2021-01-03T00:00:00.000,23:17,QUEENS,11368.0,40.757793,-73.861916,"(40.757793, -73.861916)",NORTHERN BOULEVARD              ,107 STREET,,0,0,0,0,0,0,0,0,Alcohol Involvement,,,,,4381353,Station Wagon/Sport Utility Vehicle,,,,
2021-01-01T00:00:00.000,3:00,QUEENS,11369.0,40.7609,-73.87018,"(40.7609, -73.87018)",99 STREET                       ,31 AVENUE,,0,0,0,0,0,0,0,0,Unspecified,Unspecified,,,,4381354,Station Wagon/Sport Utility Vehicle,Station Wagon/Sport Utility Vehicle,,,
2021-01-02T00:00:00.000,16:21,QUEENS,11369.0,40.757553,-73.87911,"(40.757553, -73.87911)",,,32-42     89 STREET                     ,1,0,0,0,1,0,0,0,Following Too Closely,Unspecified,,,,4381355,Station Wagon/Sport Utility Vehicle,Bike,,,
2021-01-04T00:00:00.000,1:08,QUEENS,11435.0,40.706024,-73.80876,"(40.706024, -73.80876)",,,148-09    HILLSIDE AVENUE               ,0,0,0,0,0,0,0,0,Pavement Slippery,Unspecified,Unspecified,,,4381361,Station Wagon/Sport Utility Vehicle,Sedan,Sedan,,
2021-01-03T00:00:00.000,13:30,MANHATTAN,10007.0,40.713135,-74.00407,"(40.713135, -74.00407)",CENTRE STREET                   ,CHAMBERS STREET,,0,0,0,0,0,0,0,0,Driver Inattention/Distraction,Unspecified,Unspecified,,,4381362,Station Wagon/Sport Utility Vehicle,Sedan,Sedan,,
2021-01-03T00:00:00.000,1:55,,,40.708763,-73.998116,"(40.708763, -73.998116)",FDR DRIVE                       ,,,0,0,0,0,0,0,0,0,Tire Failure/Inadequate,Passing or Lane Usage Improper,Unspecified,,,4381364,Sedan,Sedan,Sedan,,
2021-01-01T00:00:00.000,1:12,MANHATTAN,10019.0,40.76325,-73.989136,"(40.76325, -73.989136)",,,733       9 AVENUE                      ,0,0,0,0,0,0,0,0,Driver Inattention/Distraction,Unspecified,,,,4381368,Station Wagon/Sport Utility Vehicle,Bike,,,
2021-01-02T00:00:00.000,10:35,MANHATTAN,10036.0,40.761517,-73.990395,"(40.761517, -73.990395)",,,681       9 AVENUE                      ,2,0,0,0,0,0,2,0,Traffic Control Disregarded,Unspecified,,,,4381369,Station Wagon/Sport Utility Vehicle,Taxi,,,
2021-01-03T00:00:00.000,18:05,QUEENS,11417.0,40.680687,-73.84459,"(40.680687, -73.84459)",CROSS BAY BOULEVARD             ,ROCKAWAY BOULEVARD,,1,0,0,0,0,0,1,0,Driver Inattention/Distraction,,,,,4381372,Station Wagon/Sport Utility Vehicle,,,,
2021-01-01T00:00:00.000,17:25,MANHATTAN,10019.0,40.766277,-73.97769,"(40.766277, -73.97769)",,,150       CENTRAL PARK SOUTH            ,1,0,0,0,0,0,1,0,Pavement Slippery,Unspecified,,,,4381374,Sedan,Taxi,,,
2021-01-03T00:00:00.000,12:20,MANHATTAN,10019.0,40.76432,-73.9772,"(40.76432, -73.9772)",AVENUE OF THE AMERICAS          ,WEST 57 STREET,,0,0,0,0,0,0,0,0,Failure to Yield Right-of-Way,Unspecified,,,,4381375,Station Wagon/Sport Utility Vehicle,Pick-up Truck,,,
2021-01-03T00:00:00.000,17:13,,,,,,BELT PARKWAY                    ,,,0,0,0,0,0,0,0,0,Driver Inattention/Distraction,Unspecified,,,,4381376,Station Wagon/Sport Utility Vehicle,Sedan,,,
2021-01-03T00:00:00.000,17:00,,,40.68662,-73.82319,"(40.68662, -73.82319)",LIBERTY AVENUE                  ,120 STREET,,0,0,0,0,0,0,0,0,Passing or Lane Usage Improper,Unspecified,,,,4381377,Sedan,Station Wagon/Sport Utility Vehicle,,,
2021-01-01T00:00:00.000,4:07,BROOKLYN,11207.0,40.66047,-73.87916,"(40.66047, -73.87916)",,,893       ASHFORD STREET                ,0,0,0,0,0,0,0,0,Unsafe Speed,Unspecified,,,,4381378,Station Wagon/Sport Utility Vehicle,Station Wagon/Sport Utility Vehicle,,,
2021-01-01T00:00:00.000,5:45,BROOKLYN,11207.0,40.673714,-73.90115,"(40.673714, -73.90115)",LIBERTY AVENUE                  ,HINSDALE STREET,,3,0,0,0,0,0,3,0,Unspecified,Unspecified,Unspecified,,,4381379,Sedan,Sedan,Sedan,,
2021-01-02T00:00:00.000,11:45,,,40.67625,-73.88405,"(40.67625, -73.88405)",ELTON STREET                    ,,,0,0,0,0,0,0,0,0,Unspecified,Unspecified,,,,4381381,Sedan,Station Wagon/Sport Utility Vehicle,,,
2021-01-02T00:00:00.000,11:50,,,40.676003,-73.865395,"(40.676003, -73.865395)",CONDUIT BOULEVARD               ,GRANT AVENUE,,0,0,0,0,0,0,0,0,Unspecified,Unspecified,Unspecified,,,4381382,Sedan,Station Wagon/Sport Utility Vehicle,Sedan,,
2021-01-02T00:00:00.000,12:00,BROOKLYN,11208.0,40.67272,-73.8814,"(40.67272, -73.8814)",ESSEX STREET                    ,BELMONT AVENUE,,0,0,0,0,0,0,0,0,Unspecified,,,,,4381383,Station Wagon/Sport Utility Vehicle,,,,
2021-01-03T00:00:00.000,0:00,BROOKLYN,11207.0,40.675484,-73.90066,"(40.675484, -73.90066)",ATLANTIC AVENUE                 ,WILLIAMS AVENUE,,0,0,0,0,0,0,0,0,Pedestrian/Bicyclist/Other Pedestrian Error/Confusion,,,,,4381384,Station Wagon/Sport Utility Vehicle,,,,
2021-01-01T00:00:00.000,1:30,BROOKLYN,11208.0,40.683933,-73.87119,"(40.683933, -73.87119)",FULTON STREET                   ,HEMLOCK STREET,,0,0,0,0,0,0,0,0,Driver Inattention/Distraction,Unspecified,,,,4381386,Sedan,Sedan,,,
2021-01-01T00:00:00.000,3:00,BROOKLYN,11208.0,40.668747,-73.87557,"(40.668747, -73.87557)",,,406       MILFORD STREET                ,0,0,0,0,0,0,0,0,Alcohol Involvement,Unspecified,,,,4381387,Station Wagon/Sport Utility Vehicle,Sedan,,,
2021-01-01T00:00:00.000,12:00,BROOKLYN,11208.0,40.671482,-73.88284,"(40.671482, -73.88284)",,,476       ELTON STREET                  ,0,0,0,0,0,0,0,0,Unspecified,,,,,4381388,Station Wagon/Sport Utility Vehicle,,,,
2021-01-01T00:00:00.000,18:00,,,40.677208,-73.89723,"(40.677208, -73.89723)",PENNSYLVANIA AVENUE             ,,,1,0,0,0,0,0,1,0,Driver Inattention/Distraction,Unspecified,Unspecified,,,4381389,Sedan,Station Wagon/Sport Utility Vehicle,,,
2021-01-01T00:00:00.000,18:30,BROOKLYN,11207.0,40.657433,-73.889755,"(40.657433, -73.889755)",,,837       PENNSYLVANIA AVENUE           ,1,0,0,0,0,0,1,0,Following Too Closely,Other Vehicular,,,,4381390,Sedan,Sedan,,,
2021-01-02T00:00:00.000,0:30,BROOKLYN,11207.0,40.674683,-73.8946,"(40.674683, -73.8946)",VERMONT STREET                  ,LIBERTY AVENUE,,0,0,0,0,0,0,0,0,Unspecified,,,,,4381391,Sedan,,,,
2021-01-01T00:00:00.000,0:30,QUEENS,11435.0,40.696278,-73.80868,"(40.696278, -73.80868)",,,143-09    97 AVENUE                     ,0,0,0,0,0,0,0,0,Unspecified,,,,,4381392,Sedan,,,,
2021-01-02T00:00:00.000,10:30,,,40.70003,-73.78873,"(40.70003, -73.78873)",107 AVENUE                      ,,,1,0,0,0,0,0,1,0,Driver Inattention/Distraction,Unspecified,,,,4381393,Sedan,Sedan,,,
2021-01-03T00:00:00.000,0:50,BROOKLYN,11208.0,40.683414,-73.87554,"(40.683414, -73.87554)",,,192       CHESTNUT STREET               ,0,0,0,0,0,0,0,0,Driver Inattention/Distraction,Unspecified,Unspecified,,,4381395,Sedan,Station Wagon/Sport Utility Vehicle,Sedan,,
2021-01-03T00:00:00.000,0:20,,,,,,LIBERTY AVENUE                  ,VANWYCK EXPRESSWAY,,0,0,0,0,0,0,0,0,Passing or Lane Usage Improper,Unspecified,Unspecified,,,4381396,Sedan,Sedan,Sedan,,
2021-01-03T00:00:00.000,15:30,BROOKLYN,11207.0,40.67822,-73.89036,"(40.67822, -73.89036)",,,2824      FULTON STREET                 ,1,0,1,0,0,0,0,0,Traffic Control Disregarded,,,,,4381397,E-Bike,,,,
2021-01-03T00:00:00.000,18:50,,,40.704224,-73.797966,"(40.704224, -73.797966)",UNION HALL STREET               ,,,0,0,0,0,0,0,0,0,Driver Inattention/Distraction,,,,,4381398,Station Wagon/Sport Utility Vehicle,,,,
2021-01-04T00:00:00.000,5:25,QUEENS,11423.0,40.716694,-73.76059,"(40.716694, -73.76059)",90 AVENUE                       ,201 STREET,,3,0,0,0,0,0,3,0,Unspecified,Unspecified,,,,4381399,Station Wagon/Sport Utility Vehicle,Station Wagon/Sport Utility Vehicle,,,
2021-01-02T00:00:00.000,9:50,,,40.828056,-73.934875,"(40.828056, -73.934875)",POWELL BOULEVARD                ,MACOMBS PLACE,,0,0,0,0,0,0,0,0,Glare,Outside Car Distraction,Passing Too Closely,,,4381400,Taxi,Station Wagon/Sport Utility Vehicle,,,
2021-01-03T00:00:00.000,19:51,,,40.820435,-73.93624,"(40.820435, -73.93624)",WEST 145 STREET                 ,,,0,0,0,0,0,0,0,0,Failure to Yield Right-of-Way,,,,,4381401,Station Wagon/Sport Utility Vehicle,,,,
2021-01-02T00:00:00.000,21:49,,,,,,OLGA PLACE                      ,HYLAN BOULEVARD,,1,0,0,0,0,0,1,0,Driver Inattention/Distraction,,,,,4381406,Sedan,,,,
2021-01-01T00:00:00.000,11:34,STATEN ISLAND,10305.0,40.591293,-74.07465,"(40.591293, -74.07465)",PEARSALL STREET                 ,OLYMPIA BOULEVARD,,0,0,0,0,0,0,0,0,Backing Unsafely,Unspecified,,,,4381407,Sedan,,,,
2021-01-03T00:00:00.000,10:51,STATEN ISLAND,10305.0,40.59075,-74.08837,"(40.59075, -74.08837)",HYLAN BOULEVARD                 ,BURGHER AVENUE,,0,0,0,0,0,0,0,0,Following Too Closely,Unspecified,,,,4381408,Sedan,Tractor Truck Gasoline,,,
2021-01-03T00:00:00.000,8:00,,,40.54048,-74.153404,"(40.54048, -74.153404)",ARMSTRONG AVENUE                ,,,0,0,0,0,0,0,0,0,Unspecified,Unspecified,,,,4381409,Sedan,,,,
2021-01-03T00:00:00.000,15:52,STATEN ISLAND,10306.0,40.56717,-74.113075,"(40.56717, -74.113075)",,,2656      HYLAN BOULEVARD               ,1,0,1,0,0,0,0,0,Failure to Yield Right-of-Way,,,,,4381410,Pick-up Truck,,,,
2021-01-03T00:00:00.000,17:17,MANHATTAN,10039.0,40.82982,-73.9368,"(40.82982, -73.9368)",,,2949      8 AVENUE                      ,1,0,1,0,0,0,0,0,Backing Unsafely,,,,,4381411,Sedan,,,,
2021-01-03T00:00:00.000,15:00,BROOKLYN,11213.0,40.66895,-73.9339,"(40.66895, -73.9339)",EASTERN PARKWAY                 ,SCHENECTADY AVENUE,,0,0,0,0,0,0,0,0,Driver Inattention/Distraction,Unspecified,,,,4381413,Sedan,Station Wagon/Sport Utility Vehicle,,,
2021-01-03T00:00:00.000,15:10,BRONX,10453.0,40.85592,-73.9172,"(40.85592, -73.9172)",WEST 179 STREET                 ,CEDAR AVENUE,,2,0,0,0,0,0,2,0,Unspecified,Unspecified,,,,4381414,Sedan,Sedan,,,
2021-01-04T00:00:00.000,9:30,MANHATTAN,10019.0,40.76269,-73.98581,"(40.76269, -73.98581)",,,840       8 AVENUE                      ,0,0,0,0,0,0,0,0,Driver Inattention/Distraction,Unspecified,,,,4381415,Box Truck,,,,
2021-01-04T00:00:00.000,10:00,MANHATTAN,10022.0,40.763103,-73.97179,"(40.763103, -73.97179)",,,610       MADISON AVENUE                ,0,0,0,0,0,0,0,0,Driver Inexperience,Unspecified,,,,4381416,Taxi,Station Wagon/Sport Utility Vehicle,,,
2021-01-03T00:00:00.000,12:34,BROOKLYN,11216.0,40.678543,-73.949684,"(40.678543, -73.949684)",NOSTRAND AVENUE                 ,ATLANTIC AVENUE,,0,0,0,0,0,0,0,0,Unsafe Lane Changing,Unspecified,,,,4381417,Station Wagon/Sport Utility Vehicle,Station Wagon/Sport Utility Vehicle,,,
2021-01-04T00:00:00.000,8:40,,,40.768833,-73.89063,"(40.768833, -73.89063)",DITMARS BOULEVARD               ,,,0,0,0,0,0,0,0,0,Pavement Slippery,Unspecified,,,,4381418,Sedan,Sedan,,,
2021-01-03T00:00:00.000,2:32,QUEENS,11101.0,40.759415,-73.93988,"(40.759415, -73.93988)",,,12-02     37 AVENUE                     ,0,0,0,0,0,0,0,0,Other Vehicular,Backing Unsafely,,,,4381419,Sedan,Sedan,,,
2021-01-04T00:00:00.000,8:15,QUEENS,11103.0,,,,33 STREET                       ,HOYT AVENUE SOUTH,,1,0,0,0,0,0,1,0,Failure to Yield Right-of-Way,Failure to Yield Right-of-Way,,,,4381420,Sedan,Sedan,,,
2021-01-02T00:00:00.000,19:25,BROOKLYN,11203.0,40.661293,-73.92944,"(40.661293, -73.92944)",REMSEN AVENUE                   ,EAST 52 STREET,,1,0,1,0,0,0,0,0,Oversized Vehicle,,,,,4381422,Box Truck,,,,
2021-01-04T00:00:00.000,10:00,QUEENS,11413.0,40.677944,-73.74153,"(40.677944, -73.74153)",133 AVENUE                      ,228 STREET,,1,0,0,0,0,0,1,0,Unspecified,Unspecified,,,,4381423,Sedan,Station Wagon/Sport Utility Vehicle,,,
2021-01-01T00:00:00.000,2:34,BROOKLYN,11212.0,40.658268,-73.91693,"(40.658268, -73.91693)",,,403       ROCKAWAY PARKWAY              ,0,0,0,0,0,0,0,0,Unspecified,,,,,4381424,,,,,
2021-01-03T00:00:00.000,16:50,BROOKLYN,11203.0,40.66157,-73.93887,"(40.66157, -73.93887)",,,655       MAPLE STREET                  ,1,0,1,0,0,0,0,0,Backing Unsafely,,,,,4381425,,,,,
2021-01-03T00:00:00.000,19:35,,,40.66235,-73.95082,"(40.66235, -73.95082)",NOSTRAND AVENUE                 ,,,1,0,1,0,0,0,0,0,Failure to Yield Right-of-Way,,,,,4381426,Station Wagon/Sport Utility Vehicle,,,,
2021-01-03T00:00:00.000,21:10,,,40.65525,-73.952965,"(40.65525, -73.952965)",ROGERS AVENUE                   ,,,0,0,0,0,0,0,0,0,Unsafe Speed,Turning Improperly,,,,4381427,Sedan,Sedan,,,
2021-01-04T00:00:00.000,0:05,,,40.6651,-73.94539,"(40.6651, -73.94539)",BROOKLYN AVENUE                 ,,,0,0,0,0,0,0,0,0,Driver Inattention/Distraction,Driver Inattention/Distraction,,,,4381428,Station Wagon/Sport Utility Vehicle,Station Wagon/Sport Utility Vehicle,,,
2021-01-01T00:00:00.000,4:00,STATEN ISLAND,10312.0,40.54326,-74.19731,"(40.54326, -74.19731)",HUGUENOT AVENUE                 ,WOODROW ROAD,,0,0,0,0,0,0,0,0,Driver Inattention/Distraction,Unspecified,,,,4381430,Station Wagon/Sport Utility Vehicle,Sedan,,,
2021-01-01T00:00:00.000,7:30,BROOKLYN,11204.0,40.621994,-73.99493,"(40.621994, -73.99493)",65 STREET                       ,16 AVENUE,,1,0,1,0,0,0,0,0,Failure to Yield Right-of-Way,,,,,4381431,Sedan,,,,
2021-01-01T00:00:00.000,21:13,STATEN ISLAND,10312.0,40.5516,-74.190155,"(40.5516, -74.190155)",ARDEN AVENUE                    ,VESPA AVENUE,,0,0,0,0,0,0,0,0,Driver Inattention/Distraction,Driver Inattention/Distraction,Unspecified,,,4381433,Sedan,Sedan,Pick-up Truck,,
2021-01-02T00:00:00.000,13:00,,,40.54817,-74.16921,"(40.54817, -74.16921)",WAINWRIGHT AVENUE               ,,,1,0,0,0,0,0,1,0,Traffic Control Disregarded,Unspecified,Unspecified,,,4381435,Station Wagon/Sport Utility Vehicle,Station Wagon/Sport Utility Vehicle,Sedan,,
2021-01-01T00:00:00.000,4:35,,,40.662556,-73.91963,"(40.662556, -73.91963)",TAPSCOTT STREET                 ,,,0,0,0,0,0,0,0,0,Unspecified,,,,,4381436,Station Wagon/Sport Utility Vehicle,,,,
2021-01-04T00:00:00.000,7:00,BROOKLYN,11212.0,40.666805,-73.9178,"(40.666805, -73.9178)",,,93        LEGION STREET                 ,1,0,0,0,0,0,1,0,Passing or Lane Usage Improper,Unspecified,,,,4381437,Station Wagon/Sport Utility Vehicle,Sedan,,,
2021-01-02T00:00:00.000,13:45,,,,,,WEST SERVICE ROAD               ,ARTHUR KILL ROAD,,0,0,0,0,0,0,0,0,Following Too Closely,Unspecified,,,,4381438,Sedan,,,,
2021-01-02T00:00:00.000,20:15,BROOKLYN,11212.0,40.66996,-73.90889,"(40.66996, -73.90889)",PITKIN AVENUE                   ,OSBORN STREET,,1,0,0,0,1,0,0,0,Pedestrian/Bicyclist/Other Pedestrian Error/Confusion,Unspecified,,,,4381439,Sedan,Bike,,,
2021-01-03T00:00:00.000,11:30,BROOKLYN,11233.0,40.67619,-73.9081,"(40.67619, -73.9081)",ATLANTIC AVENUE                 ,EASTERN PARKWAY,,0,0,0,0,0,0,0,0,Unspecified,,,,,4381440,Box Truck,,,,
2021-01-02T00:00:00.000,11:50,BROOKLYN,11233.0,40.683094,-73.91262,"(40.683094, -73.91262)",,,619       BAINBRIDGE STREET             ,0,0,0,0,0,0,0,0,Other Vehicular,Other Vehicular,Unspecified,,,4381442,Station Wagon/Sport Utility Vehicle,Station Wagon/Sport Utility Vehicle,Station Wagon/Sport Utility Vehicle,,
2021-01-04T00:00:00.000,9:30,STATEN ISLAND,10309.0,40.53393,-74.23667,"(40.53393, -74.23667)",ENGLEWOOD AVENUE                ,ARTHUR KILL ROAD,,0,0,0,0,0,0,0,0,Unspecified,Unspecified,,,,4381443,Tractor Truck Diesel,Station Wagon/Sport Utility Vehicle,,,
2021-01-03T00:00:00.000,15:30,QUEENS,11436.0,40.68384,-73.802574,"(40.68384, -73.802574)",LINDEN BOULEVARD                ,141 STREET,,0,0,0,0,0,0,0,0,Unspecified,,,,,4381444,Taxi,,,,
2021-01-04T00:00:00.000,9:40,QUEENS,11413.0,40.674683,-73.7634,"(40.674683, -73.7634)",136 AVENUE                      ,WESTGATE STREET,,0,0,0,0,0,0,0,0,Reaction to Uninvolved Vehicle,Unspecified,,,,4381445,Station Wagon/Sport Utility Vehicle,Station Wagon/Sport Utility Vehicle,,,
2021-01-04T00:00:00.000,8:40,,,40.763958,-73.82814,"(40.763958, -73.82814)",NORTHERN BOULEVARD              ,,,0,0,0,0,0,0,0,0,Following Too Closely,Unspecified,,,,4381446,Sedan,Box Truck,,,
2021-01-04T00:00:00.000,9:45,QUEENS,11355.0,40.760372,-73.815094,"(40.760372, -73.815094)",149 STREET                      ,SANFORD AVENUE,,2,0,0,0,0,0,2,0,Driver Inexperience,Unspecified,,,,4381447,Station Wagon/Sport Utility Vehicle,Station Wagon/Sport Utility Vehicle,,,
2021-01-02T00:00:00.000,17:20,BROOKLYN,11212.0,40.669262,-73.91356,"(40.669262, -73.91356)",BOYLAND STREET                  ,PITKIN AVENUE,,0,0,0,0,0,0,0,0,Unspecified,,,,,4381448,Station Wagon/Sport Utility Vehicle,,,,
2021-01-04T00:00:00.000,8:50,BROOKLYN,11212.0,40.672813,-73.903786,"(40.672813, -73.903786)",,,91        JUNIUS STREET                 ,0,0,0,0,0,0,0,0,Unspecified,,,,,4381449,Taxi,,,,
2021-01-03T00:00:00.000,20:05,BROOKLYN,11201.0,40.692055,-73.982544,"(40.692055, -73.982544)",FLATBUSH AVENUE EXTENSION       ,WILLOUGHBY STREET,,0,0,0,0,0,0,0,0,Driver Inattention/Distraction,,,,,4381450,Sedan,,,,
2021-01-02T00:00:00.000,18:55,,,,,,TRIBOROUGH BRIDGE               ,,,0,0,0,0,0,0,0,0,Unsafe Lane Changing,Unspecified,,,,4381451,Station Wagon/Sport Utility Vehicle,Sedan,,,
2021-01-04T00:00:00.000,9:56,MANHATTAN,10029.0,40.797943,-73.94003,"(40.797943, -73.94003)",EAST 116 STREET                 ,3 AVENUE,,0,0,0,0,0,0,0,0,Unsafe Lane Changing,Unspecified,,,,4381452,Sedan,Garbage or Refuse,,,
2021-01-04T00:00:00.000,12:02,,,40.86463,-73.892136,"(40.86463, -73.892136)",BAINBRIDGE AVENUE               ,,,1,0,1,0,0,0,0,0,Traffic Control Disregarded,,,,,4381454,E-Scooter,,,,
2021-01-04T00:00:00.000,11:44,,,40.730137,-73.862366,"(40.730137, -73.862366)",63 DRIVE                        ,QUEENS BOULEVARD,,0,0,0,0,0,0,0,0,Unspecified,,,,,4381455,Station Wagon/Sport Utility Vehicle,,,,
2021-01-04T00:00:00.000,13:30,BROOKLYN,11214.0,40.60283,-73.99533,"(40.60283, -73.99533)",86 STREET                       ,BAY 28 STREET,,0,0,0,0,0,0,0,0,Driver Inattention/Distraction,Unspecified,,,,4381457,Station Wagon/Sport Utility Vehicle,Sedan,,,
2021-01-01T00:00:00.000,4:56,,,40.72983,-74.010666,"(40.72983, -74.010666)",CLARKSON STREET                 ,,,0,0,0,0,0,0,0,0,Driver Inattention/Distraction,Unspecified,,,,4381461,Station Wagon/Sport Utility Vehicle,Station Wagon/Sport Utility Vehicle,,,
2021-01-03T00:00:00.000,0:00,,,40.744644,-73.77041,"(40.744644, -73.77041)",LONG ISLAND EXPRESSWAY          ,,,0,0,0,0,0,0,0,0,Unsafe Speed,,,,,4381463,Sedan,,,,
2021-01-04T00:00:00.000,8:30,,,40.724934,-73.82976,"(40.724934, -73.82976)",VAN WYCK EXPWY                  ,,,0,0,0,0,0,0,0,0,Driver Inattention/Distraction,Unspecified,,,,4381464,Sedan,,,,
2021-01-04T00:00:00.000,13:00,QUEENS,11427.0,40.725075,-73.75835,"(40.725075, -73.75835)",GRAND CENTRAL PARKWAY           ,86 DRIVE,,0,0,0,0,0,0,0,0,Traffic Control Disregarded,Unspecified,,,,4381465,Sedan,Sedan,,,
2021-01-01T00:00:00.000,20:25,BRONX,10472.0,40.82692,-73.87199,"(40.82692, -73.87199)",WATSON AVENUE                   ,SOUND VIEW AVENUE,,1,0,1,0,0,0,0,0,Failure to Yield Right-of-Way,,,,,4381469,Station Wagon/Sport Utility Vehicle,,,,
2021-01-02T00:00:00.000,5:06,,,40.82722,-73.84965,"(40.82722, -73.84965)",BRUCKNER EXPRESSWAY             ,,,0,0,0,0,0,0,0,0,Pavement Slippery,,,,,4381470,Sedan,,,,
2021-01-02T00:00:00.000,15:20,,,40.737865,-74.00019,"(40.737865, -74.00019)",7 AVENUE                        ,,,0,0,0,0,0,0,0,0,Driver Inattention/Distraction,Unspecified,,,,4381471,Ambulance,Box Truck,,,
2021-01-01T00:00:00.000,7:23,BRONX,10472.0,40.8251,-73.87549,"(40.8251, -73.87549)",,,1036      MANOR AVENUE                  ,0,0,0,0,0,0,0,0,Unspecified,Unspecified,,,,4381472,Station Wagon/Sport Utility Vehicle,,,,
2021-01-02T00:00:00.000,6:00,BRONX,10462.0,40.837757,-73.8595,"(40.837757, -73.8595)",,,40        METROPOLITAN OVAL             ,0,0,0,0,0,0,0,0,Unspecified,,,,,4381473,Station Wagon/Sport Utility Vehicle,,,,
2021-01-02T00:00:00.000,10:45,BRONX,10473.0,,,,,,803       SOUND VIEW AVENUE             ,0,0,0,0,0,0,0,0,Backing Unsafely,Unspecified,,,,4381474,Sedan,,,,
2021-01-02T00:00:00.000,12:50,BRONX,10472.0,40.824757,-73.87733,"(40.824757, -73.87733)",,,1030      BOYNTON AVENUE                ,0,0,0,0,0,0,0,0,Unspecified,,,,,4381475,Sedan,,,,
2021-01-03T00:00:00.000,5:15,BRONX,10472.0,40.82829,-73.87528,"(40.82829, -73.87528)",,,1168      STRATFORD AVENUE              ,0,0,0,0,0,0,0,0,Unspecified,Unspecified,Unspecified,,,4381476,Station Wagon/Sport Utility Vehicle,Station Wagon/Sport Utility Vehicle,Pick-up Truck,,
2021-01-03T00:00:00.000,19:15,BRONX,10462.0,40.835518,-73.86112,"(40.835518, -73.86112)",METROPOLITAN AVENUE             ,WOOD AVENUE,,1,0,1,0,0,0,0,0,,,,,,4381477,Station Wagon/Sport Utility Vehicle,,,,
2021-01-03T00:00:00.000,20:05,,,40.826275,-73.85971,"(40.826275, -73.85971)",WHITE PLAINS ROAD               ,BRUCKNER BOULEVARD,,0,0,0,0,0,0,0,0,Traffic Control Device Improper/Non-Working,Unspecified,,,,4381478,Station Wagon/Sport Utility Vehicle,Sedan,,,
2021-01-04T00:00:00.000,10:20,QUEENS,11427.0,40.725224,-73.7548,"(40.725224, -73.7548)",212 STREET                      ,WHITEHALL TERRACE,,0,0,0,0,0,0,0,0,Unspecified,,,,,4381480,Sedan,,,,
2021-01-04T00:00:00.000,10:00,BROOKLYN,11234.0,40.63021,-73.93294,"(40.63021, -73.93294)",KINGS HIGHWAY                   ,AVENUE I,,0,0,0,0,0,0,0,0,Driver Inattention/Distraction,Driver Inattention/Distraction,,,,4381481,Station Wagon/Sport Utility Vehicle,Station Wagon/Sport Utility Vehicle,,,
2021-01-01T00:00:00.000,6:57,QUEENS,11418.0,40.697063,-73.84121,"(40.697063, -73.84121)",,,86-18     107 STREET                    ,0,0,0,0,0,0,0,0,Driver Inattention/Distraction,Unspecified,,,,4381483,Sedan,,,,
2021-01-03T00:00:00.000,22:45,QUEENS,11416.0,40.681007,-73.85476,"(40.681007, -73.85476)",,,84-23     102 AVENUE                    ,0,0,0,0,0,0,0,0,Unspecified,Unspecified,Unspecified,Unspecified,,4381484,Station Wagon/Sport Utility Vehicle,Sedan,Sedan,Sedan,
2021-01-04T00:00:00.000,8:57,BROOKLYN,11222.0,40.71888,-73.94409,"(40.71888, -73.94409)",,,175       RICHARDSON STREET             ,0,0,0,0,0,0,0,0,Passing Too Closely,Unspecified,,,,4381485,Box Truck,Station Wagon/Sport Utility Vehicle,,,
2021-01-04T00:00:00.000,8:50,BROOKLYN,11222.0,40.723274,-73.94223,"(40.723274, -73.94223)",MONITOR STREET                  ,DRIGGS AVENUE,,0,0,0,0,0,0,0,0,Driver Inattention/Distraction,Unspecified,,,,4381486,Sedan,Tractor Truck Diesel,,,
2021-01-02T00:00:00.000,10:00,QUEENS,11419.0,40.686283,-73.830894,"(40.686283, -73.830894)",112 STREET                      ,103 AVENUE,,0,0,0,0,0,0,0,0,Driver Inattention/Distraction,Unspecified,Unspecified,Unspecified,Unspecified,4381487,Sedan,Station Wagon/Sport Utility Vehicle,Station Wagon/Sport Utility Vehicle,Sedan,Station Wagon/Sport Utility Vehicle
2021-01-02T00:00:00.000,11:05,QUEENS,11693.0,40.590107,-73.814095,"(40.590107, -73.814095)",BEACH CHANNEL DRIVE             ,BEACH 88 STREET,,1,0,0,0,0,0,1,0,Driver Inattention/Distraction,Unspecified,Unspecified,,,4381488,Sedan,Station Wagon/Sport Utility Vehicle,Pick-up Truck,,
2021-01-01T00:00:00.000,9:10,QUEENS,11419.0,40.68877,-73.83017,"(40.68877, -73.83017)",114 STREET                      ,101 AVENUE,,0,0,0,0,0,0,0,0,Driver Inattention/Distraction,Unspecified,Unspecified,,,4381489,Sedan,Taxi,Pick-up Truck,,
2021-01-04T00:00:00.000,13:10,,,40.708324,-73.84314,"(40.708324, -73.84314)",JACKIE ROBINSON PKWY            ,,,0,0,0,0,0,0,0,0,Unsafe Lane Changing,Unspecified,,,,4381490,Station Wagon/Sport Utility Vehicle,Sedan,,,
2021-01-04T00:00:00.000,11:05,,,40.692135,-73.83485,"(40.692135, -73.83485)",ATLANTIC AVENUE                 ,,,1,0,0,0,0,0,1,0,Driver Inattention/Distraction,Unspecified,,,,4381492,Station Wagon/Sport Utility Vehicle,Station Wagon/Sport Utility Vehicle,,,
2021-01-01T00:00:00.000,20:20,MANHATTAN,10007.0,40.71523,-74.01334,"(40.71523, -74.01334)",WEST STREET                     ,MURRAY STREET,,1,0,0,0,0,0,1,0,Unspecified,,,,,4381493,Sedan,,,,
2021-01-02T00:00:00.000,19:20,,,40.717155,-73.94924,"(40.717155, -73.94924)",BROOKLYN QUEENS EXPRESSWAY      ,,,0,0,0,0,0,0,0,0,Failure to Yield Right-of-Way,Unspecified,,,,4381495,Sedan,,,,
2021-01-03T00:00:00.000,16:37,BROOKLYN,11222.0,40.72672,-73.946526,"(40.72672, -73.946526)",,,69        JEWEL STREET                  ,0,0,0,0,0,0,0,0,Passing Too Closely,Unspecified,,,,4381496,Station Wagon/Sport Utility Vehicle,,,,
2021-01-04T00:00:00.000,15:00,BROOKLYN,11222.0,40.729523,-73.95098,"(40.729523, -73.95098)",,,211       MC GUINNESS BOULEVARD         ,0,0,0,0,0,0,0,0,Backing Unsafely,Unspecified,,,,4381497,Sedan,Sedan,,,
2021-01-03T00:00:00.000,13:50,BRONX,10467.0,40.858852,-73.86768,"(40.858852, -73.86768)",,,2255      WHITE PLAINS ROAD             ,1,0,0,0,0,0,1,0,Unsafe Speed,Unspecified,,,,4381498,Sedan,Sedan,,,
2021-01-04T00:00:00.000,15:50,,,40.736652,-73.9079,"(40.736652, -73.9079)",BROOKLYN QUEENS EXPRESSWAY      ,,,2,0,0,0,0,0,2,0,Driver Inattention/Distraction,Unspecified,Unspecified,,,4381499,Station Wagon/Sport Utility Vehicle,Sedan,Station Wagon/Sport Utility Vehicle,,
2021-01-02T00:00:00.000,13:00,,,40.6402,-74.00825,"(40.6402, -74.00825)",7 AVENUE                        ,,,1,0,0,0,0,0,1,0,Following Too Closely,Unspecified,,,,4381500,Station Wagon/Sport Utility Vehicle,Station Wagon/Sport Utility Vehicle,,,
2021-01-04T00:00:00.000,16:25,BROOKLYN,11232.0,40.653873,-74.008156,"(40.653873, -74.008156)",39 STREET                       ,3 AVENUE,,0,0,0,0,0,0,0,0,View Obstructed/Limited,Unspecified,,,,4381501,Station Wagon/Sport Utility Vehicle,Tractor Truck Gasoline,,,
2021-01-03T00:00:00.000,10:20,,,40.636574,-74.019196,"(40.636574, -74.019196)",5 AVENUE                        ,65 STREET,,0,0,0,0,0,0,0,0,Traffic Control Disregarded,Unspecified,,,,4381502,Sedan,Sedan,,,
2021-01-04T00:00:00.000,16:00,,,40.62875,-73.95111,"(40.62875, -73.95111)",AVENUE I                        ,,,1,0,0,0,0,0,1,0,Unspecified,Unspecified,,,,4381503,Sedan,Sedan,,,
2021-01-04T00:00:00.000,2:15,,,,,,FLATBUSH AVENUE                 ,FOSTER AVENUE,,0,0,0,0,0,0,0,0,Driver Inattention/Distraction,Unspecified,,,,4381504,Sedan,Bike,,,
2021-01-04T00:00:00.000,7:35,,,40.62757,-73.96185,"(40.62757, -73.96185)",EAST 15 STREET                  ,,,0,0,0,0,0,0,0,0,Unspecified,Unspecified,,,,4381505,Tractor Truck Diesel,Sedan,,,
2021-01-03T00:00:00.000,17:05,BROOKLYN,11230.0,40.61808,-73.959435,"(40.61808, -73.959435)",,,1523      AVENUE M                      ,1,0,1,0,0,0,0,0,,,,,,4381506,,,,,
2021-01-03T00:00:00.000,17:30,BROOKLYN,11226.0,40.65465,-73.959656,"(40.65465, -73.959656)",,,741       FLATBUSH AVENUE               ,0,0,0,0,0,0,0,0,Driver Inattention/Distraction,Unspecified,,,,4381507,Station Wagon/Sport Utility Vehicle,Bus,,,
2021-01-04T00:00:00.000,16:57,BROOKLYN,11207.0,40.67189,-73.895874,"(40.67189, -73.895874)",PENNSYLVANIA AVENUE             ,PITKIN AVENUE,,0,0,0,0,0,0,0,0,Unspecified,Unspecified,,,,4381508,Station Wagon/Sport Utility Vehicle,Station Wagon/Sport Utility Vehicle,,,
2021-01-04T00:00:00.000,17:40,BROOKLYN,11214.0,40.607643,-74.009865,"(40.607643, -74.009865)",,,8720      16 AVENUE                     ,1,0,0,0,0,0,1,0,Reaction to Uninvolved Vehicle,Unspecified,,,,4381509,Sedan,Station Wagon/Sport Utility Vehicle,,,
2021-01-04T00:00:00.000,11:30,BROOKLYN,11236.0,40.634914,-73.88453,"(40.634914, -73.88453)",,,1590      EAST 102 STREET               ,0,0,0,0,0,0,0,0,Unspecified,,,,,4381510,Sedan,,,,
2021-01-03T00:00:00.000,11:00,BROOKLYN,11219.0,40.623314,-74.00071,"(40.623314, -74.00071)",,,6717      14 AVENUE                     ,0,0,0,0,0,0,0,0,Driver Inattention/Distraction,Unspecified,,,,4381511,Sedan,Sedan,,,
2021-01-04T00:00:00.000,7:00,BROOKLYN,11236.0,40.640488,-73.9056,"(40.640488, -73.9056)",,,9013      FLATLANDS AVENUE              ,0,0,0,0,0,0,0,0,Driver Inattention/Distraction,Unspecified,,,,4381512,Sedan,,,,
2021-01-04T00:00:00.000,17:20,,,40.617123,-73.98524,"(40.617123, -73.98524)",64 STREET                       ,,,0,0,0,0,0,0,0,0,Failure to Yield Right-of-Way,Unspecified,,,,4381513,Station Wagon/Sport Utility Vehicle,Station Wagon/Sport Utility Vehicle,,,
2021-01-04T00:00:00.000,13:30,,,40.6087,-73.97404,"(40.6087, -73.97404)",DAHILL ROAD                     ,,,0,0,0,0,0,0,0,0,Driver Inattention/Distraction,Unspecified,,,,4381514,Sedan,Pick-up Truck,,,
2021-01-04T00:00:00.000,15:15,,,40.760822,-73.99832,"(40.760822, -73.99832)",WEST 42 STREET                  ,,,0,0,0,0,0,0,0,0,Turning Improperly,Turning Improperly,,,,4381515,Pick-up Truck,Sedan,,,
2021-01-04T00:00:00.000,17:23,BROOKLYN,11203.0,40.648716,-73.92139,"(40.648716, -73.92139)",EAST 59 STREET                  ,TILDEN AVENUE,,0,0,0,0,0,0,0,0,Driver Inexperience,Driver Inattention/Distraction,,,,4381516,Sedan,Sedan,,,
2021-01-01T00:00:00.000,15:15,QUEENS,11419.0,40.690247,-73.82497,"(40.690247, -73.82497)",101 AVENUE                      ,120 STREET,,1,0,0,0,0,0,1,0,Driver Inattention/Distraction,Unspecified,,,,4381517,4 dr sedan,Sedan,,,
2021-01-01T00:00:00.000,20:19,QUEENS,11419.0,40.691364,-73.83755,"(40.691364, -73.83755)",ATLANTIC AVENUE                 ,108 STREET,,1,0,0,0,0,0,1,0,Alcohol Involvement,,,,,4381518,Station Wagon/Sport Utility Vehicle,,,,
2021-01-04T00:00:00.000,18:30,,,40.69215,-73.86216,"(40.69215, -73.86216)",JAMAICA AVENUE                  ,,,2,0,0,0,0,0,2,0,Driver Inexperience,Unspecified,Unspecified,,,4381519,Station Wagon/Sport Utility Vehicle,Station Wagon/Sport Utility Vehicle,,,
2021-01-04T00:00:00.000,14:30,,,40.762676,-73.954346,"(40.762676, -73.954346)",FDR DRIVE                       ,,,0,0,0,0,0,0,0,0,Unsafe Lane Changing,Unspecified,,,,4381520,Sedan,Station Wagon/Sport Utility Vehicle,,,
2021-01-03T00:00:00.000,17:35,,,40.684937,-73.91014,"(40.684937, -73.91014)",COOPER STREET                   ,,,0,0,0,0,0,0,0,0,Failure to Yield Right-of-Way,Unspecified,,,,4381523,Station Wagon/Sport Utility Vehicle,Station Wagon/Sport Utility Vehicle,,,
2021-01-04T00:00:00.000,14:30,BROOKLYN,11221.0,40.693142,-73.922,"(40.693142, -73.922)",MENAHAN STREET                  ,EVERGREEN AVENUE,,0,0,0,0,0,0,0,0,Unspecified,,,,,4381524,Station Wagon/Sport Utility Vehicle,,,,
2021-01-04T00:00:00.000,11:15,MANHATTAN,10011.0,40.742283,-74.004425,"(40.742283, -74.004425)",WEST 16 STREET                  ,9 AVENUE,,0,0,0,0,0,0,0,0,Passing or Lane Usage Improper,Unspecified,,,,4381525,Sedan,Sedan,,,
2021-01-04T00:00:00.000,14:25,QUEENS,11412.0,40.700306,-73.76599,"(40.700306, -73.76599)",MANGIN AVENUE                   ,HANNIBAL STREET,,2,0,2,0,0,0,0,0,Failure to Yield Right-of-Way,,,,,4381526,Pick-up Truck,,,,
2021-01-04T00:00:00.000,19:00,,,40.67033,-73.774506,"(40.67033, -73.774506)",161 STREET                      ,140 AVENUE,,1,0,0,0,1,0,0,0,Unspecified,Unspecified,,,,4381527,Station Wagon/Sport Utility Vehicle,Bike,,,
2021-01-04T00:00:00.000,14:00,,,40.60069,-74.010056,"(40.60069, -74.010056)",BELT PARKWAY                    ,,,0,0,0,0,0,0,0,0,Traffic Control Disregarded,,,,,4381528,Box Truck,,,,
2021-01-04T00:00:00.000,7:05,,,40.64018,-74.02179,"(40.64018, -74.02179)",GOWANUS EXPY (BQE)              ,,,0,0,0,0,0,0,0,0,Passing or Lane Usage Improper,Unspecified,,,,4381529,Tractor Truck Diesel,Sedan,,,
2021-01-04T00:00:00.000,13:08,,,40.622086,-74.02865,"(40.622086, -74.02865)",4 AVENUE                        ,87 STREET,,2,0,0,0,0,0,2,0,Unspecified,Unspecified,,,,4381530,Bus,Station Wagon/Sport Utility Vehicle,,,
2021-01-04T00:00:00.000,16:10,BROOKLYN,11238.0,40.688477,-73.9636,"(40.688477, -73.9636)",,,325       LAFAYETTE AVENUE              ,0,0,0,0,0,0,0,0,Aggressive Driving/Road Rage,Unspecified,,,,4381531,Sedan,Station Wagon/Sport Utility Vehicle,,,
2021-01-04T00:00:00.000,14:30,,,40.771717,-73.776306,"(40.771717, -73.776306)",33 AVENUE                       ,,,0,0,0,0,0,0,0,0,Driver Inattention/Distraction,Unspecified,,,,4381532,Sedan,Sedan,,,
2021-01-04T00:00:00.000,15:15,,,40.635887,-73.87999,"(40.635887, -73.87999)",BELT PARKWAY                    ,,,1,0,0,0,0,0,1,0,Unspecified,,,,,4381533,Sedan,,,,
2021-01-04T00:00:00.000,18:00,QUEENS,11101.0,40.748234,-73.94167,"(40.748234, -73.94167)",43 AVENUE                       ,27 STREET,,0,0,0,0,0,0,0,0,Driver Inattention/Distraction,Driver Inattention/Distraction,,,,4381534,FDNY TRUCK,Sedan,,,
2021-01-04T00:00:00.000,20:00,QUEENS,11356.0,40.78168,-73.84777,"(40.78168, -73.84777)",20 AVENUE                       ,120 STREET,,0,0,0,0,0,0,0,0,Unspecified,,,,,4381535,Sedan,,,,
2021-01-04T00:00:00.000,8:45,,,40.78168,-73.84595,"(40.78168, -73.84595)",COLLEGE POINT BOULEVARD         ,,,0,0,0,0,0,0,0,0,Oversized Vehicle,Unspecified,,,,4381536,Station Wagon/Sport Utility Vehicle,,,,
2021-01-04T00:00:00.000,8:00,QUEENS,11357.0,40.786892,-73.80798,"(40.786892, -73.80798)",154 STREET                      ,CROSS ISLAND PARKWAY,,0,0,0,0,0,0,0,0,Passing or Lane Usage Improper,Unspecified,,,,4381537,Station Wagon/Sport Utility Vehicle,Station Wagon/Sport Utility Vehicle,,,
2021-01-04T00:00:00.000,1:23,BRONX,10469.0,40.874702,-73.85803,"(40.874702, -73.85803)",EAST GUN HILL ROAD              ,PAULDING AVENUE,,2,0,0,0,0,0,2,0,Unsafe Speed,Unspecified,Unspecified,,,4381538,Sedan,Sedan,Taxi,,
2021-01-04T00:00:00.000,18:20,,,40.650597,-73.97209,"(40.650597, -73.97209)",PARK CIRCLE                     ,CONEY ISLAND AVENUE,,0,0,0,0,0,0,0,0,Unspecified,Unspecified,,,,4381539,Sedan,Station Wagon/Sport Utility Vehicle,,,
2021-01-04T00:00:00.000,9:00,,,40.61536,-73.987076,"(40.61536, -73.987076)",67 STREET                       ,,,1,1,1,1,0,0,0,0,Driver Inattention/Distraction,,,,,4381540,Station Wagon/Sport Utility Vehicle,,,,
2021-01-04T00:00:00.000,18:44,MANHATTAN,10022.0,40.76093,-73.96914,"(40.76093, -73.96914)",EAST 57 STREET                  ,LEXINGTON AVENUE,,1,0,0,0,1,0,0,0,Passing or Lane Usage Improper,Passing Too Closely,,,,4381542,Sedan,E-Bike,,,
2021-01-04T00:00:00.000,10:05,QUEENS,11426.0,40.723957,-73.73017,"(40.723957, -73.73017)",GETTYSBURG STREET               ,93 AVENUE,,2,0,0,0,0,0,2,0,Failure to Yield Right-of-Way,Unspecified,,,,4381543,Sedan,Station Wagon/Sport Utility Vehicle,,,
2021-01-04T00:00:00.000,14:00,,,40.667313,-73.73926,"(40.667313, -73.73926)",LAURELTON PARKWAY               ,,,0,0,0,0,0,0,0,0,Other Vehicular,Unspecified,,,,4381544,Sedan,Sedan,,,
2021-01-04T00:00:00.000,11:00,,,40.69382,-73.72694,"(40.69382, -73.72694)",CROSS ISLAND PARKWAY            ,,,0,0,0,0,0,0,0,0,Following Too Closely,Unspecified,,,,4381545,Sedan,Station Wagon/Sport Utility Vehicle,,,
2021-01-03T00:00:00.000,22:40,,,40.711227,-73.72826,"(40.711227, -73.72826)",CROSS ISLAND PARKWAY            ,HEMPSTEAD AVENUE,,2,0,0,0,0,0,2,0,Lost Consciousness,Unspecified,,,,4381546,Sedan,Sedan,,,
2021-01-04T00:00:00.000,17:14,QUEENS,11413.0,40.662613,-73.75293,"(40.662613, -73.75293)",,,226-19    145 AVENUE                    ,0,0,0,0,0,0,0,0,Driver Inattention/Distraction,Unspecified,,,,4381547,Station Wagon/Sport Utility Vehicle,,,,
2021-01-04T00:00:00.000,16:25,QUEENS,11427.0,40.737827,-73.734,"(40.737827, -73.734)",,,80-45     WINCHESTER BOULEVARD          ,1,0,1,0,0,0,0,0,Backing Unsafely,,,,,4381548,Sedan,,,,
2021-01-04T00:00:00.000,22:20,,,40.75727,-73.74765,"(40.75727, -73.74765)",CROSS ISLAND PARKWAY            ,,,1,0,0,0,0,0,1,0,Driver Inattention/Distraction,Unspecified,,,,4381550,Station Wagon/Sport Utility Vehicle,Station Wagon/Sport Utility Vehicle,,,
2021-01-04T00:00:00.000,16:35,,,40.60567,-74.030945,"(40.60567, -74.030945)",BELT PARKWAY                    ,,,0,0,0,0,0,0,0,0,Unsafe Lane Changing,Unspecified,,,,4381551,Sedan,Sedan,,,
2021-01-03T00:00:00.000,15:25,BROOKLYN,11201.0,40.692123,-73.98465,"(40.692123, -73.98465)",,,100       WILLOUGHBY STREET             ,0,0,0,0,0,0,0,0,Passing Too Closely,Unspecified,,,,4381552,Sedan,Sedan,,,
2021-01-05T00:00:00.000,0:32,QUEENS,11420.0,40.679955,-73.82209,"(40.679955, -73.82209)",,,111-44    118 STREET                    ,0,0,0,0,0,0,0,0,Alcohol Involvement,Unspecified,,,,4381553,Station Wagon/Sport Utility Vehicle,Station Wagon/Sport Utility Vehicle,,,
2021-01-04T00:00:00.000,11:55,BROOKLYN,11201.0,40.692215,-73.98667,"(40.692215, -73.98667)",,,57        WILLOUGHBY STREET             ,1,0,1,0,0,0,0,0,Backing Unsafely,,,,,4381554,Sedan,,,,
2021-01-05T00:00:00.000,0:05,QUEENS,11366.0,40.727802,-73.80516,"(40.727802, -73.80516)",164 STREET                      ,73 AVENUE,,2,0,0,0,0,0,2,0,Driver Inattention/Distraction,Unsafe Speed,,,,4381555,Sedan,Sedan,,,
2021-01-03T00:00:00.000,23:35,QUEENS,11366.0,40.726322,-73.78994,"(40.726322, -73.78994)",,,178-02    UNION TURNPIKE                ,0,0,0,0,0,0,0,0,Driver Inattention/Distraction,,,,,4381556,Ambulance,,,,
2021-01-04T00:00:00.000,13:38,,,,,,GRAND ARMY PLAZA                ,FLATBUSH AVENUE,,0,0,0,0,0,0,0,0,Passing or Lane Usage Improper,Unspecified,,,,4381557,Station Wagon/Sport Utility Vehicle,Sedan,,,
2021-01-01T00:00:00.000,18:41,BROOKLYN,11217.0,40.68251,-73.976326,"(40.68251, -73.976326)",5 AVENUE                        ,FLATBUSH AVENUE,,1,0,1,0,0,0,0,0,Fatigued/Drowsy,,,,,4381558,Station Wagon/Sport Utility Vehicle,,,,
2021-01-04T00:00:00.000,8:40,,,40.59938,-73.95141,"(40.59938, -73.95141)",AVENUE U                        ,,,0,0,0,0,0,0,0,0,Unspecified,Unspecified,,,,4381559,Sedan,Bus,,,
2021-01-04T00:00:00.000,14:50,BROOKLYN,11229.0,40.595707,-73.94297,"(40.595707, -73.94297)",EAST 28 STREET                  ,AVENUE W,,1,0,0,0,0,0,1,0,Driver Inattention/Distraction,Unspecified,,,,4381560,Sedan,Pick-up Truck,,,
2021-01-04T00:00:00.000,17:05,,,40.768803,-73.95837,"(40.768803, -73.95837)",EAST 72 STREET                  ,,,1,0,0,0,1,0,0,0,Driver Inattention/Distraction,Unspecified,,,,4381562,Station Wagon/Sport Utility Vehicle,Bike,,,
2021-01-04T00:00:00.000,17:47,MANHATTAN,10021.0,40.76613,-73.95607,"(40.76613, -73.95607)",,,435       EAST 70 STREET                ,0,0,0,0,0,0,0,0,Unspecified,,,,,4381563,4 dr sedan,,,,
2021-01-05T00:00:00.000,0:01,BROOKLYN,11249.0,40.71348,-73.965515,"(40.71348, -73.965515)",WYTHE AVENUE                    ,SOUTH 3 STREET,,1,0,0,0,1,0,0,0,Driver Inattention/Distraction,Unspecified,,,,4381565,Station Wagon/Sport Utility Vehicle,E-Bike,,,
2021-01-04T00:00:00.000,23:40,BRONX,10456.0,40.833088,-73.91904,"(40.833088, -73.91904)",GRAND CONCOURSE                 ,MCCLELLAN STREET,,0,0,0,0,0,0,0,0,Following Too Closely,Unspecified,,,,4381567,Station Wagon/Sport Utility Vehicle,,,,
2021-01-04T00:00:00.000,8:55,BROOKLYN,11206.0,40.706047,-73.94129,"(40.706047, -73.94129)",HUMBOLDT STREET                 ,BOERUM STREET,,0,0,0,0,0,0,0,0,Driver Inexperience,Unspecified,,,,4381568,Station Wagon/Sport Utility Vehicle,,,,
2021-01-04T00:00:00.000,10:20,BROOKLYN,11211.0,40.712963,-73.93647,"(40.712963, -73.93647)",,,950       GRAND STREET                  ,0,0,0,0,0,0,0,0,Passing Too Closely,Unspecified,,,,4381569,Box Truck,Pick-up Truck,,,
2021-01-04T00:00:00.000,21:25,BRONX,10468.0,40.862003,-73.90816,"(40.862003, -73.90816)",,,2316      LORING PLACE NORTH            ,0,0,0,0,0,0,0,0,Unsafe Speed,Unspecified,,,,4381571,Station Wagon/Sport Utility Vehicle,Sedan,,,
2021-01-05T00:00:00.000,4:00,,,40.818558,-73.92732,"(40.818558, -73.92732)",GRAND CONCOURSE                 ,,,0,0,0,0,0,0,0,0,Aggressive Driving/Road Rage,,,,,4381572,Sedan,,,,
2021-01-03T00:00:00.000,13:00,BRONX,10457.0,40.843002,-73.90359,"(40.843002, -73.90359)",WEBSTER AVENUE                  ,EAST 173 STREET,,1,0,0,0,0,0,1,0,Traffic Control Disregarded,Traffic Control Disregarded,,,,4381573,Sedan,Sedan,,,
2021-01-02T00:00:00.000,20:19,MANHATTAN,10002.0,40.718143,-73.993835,"(40.718143, -73.993835)",CHRYSTIE STREET                 ,GRAND STREET,,0,0,0,0,0,0,0,0,Failure to Yield Right-of-Way,Unspecified,,,,4381574,Sedan,Bike,,,
2021-01-01T00:00:00.000,23:35,,,40.82821,-73.92714,"(40.82821, -73.92714)",EAST 161 STREET                 ,RUPPERT PLACE,,0,0,0,0,0,0,0,0,Passing Too Closely,Unspecified,,,,4381575,Sedan,,,,
2021-01-04T00:00:00.000,22:10,,,40.734566,-73.72269,"(40.734566, -73.72269)",CROSS ISLAND PARKWAY            ,,,0,0,0,0,0,0,0,0,Unsafe Speed,Unspecified,,,,4381576,Station Wagon/Sport Utility Vehicle,,,,
2021-01-04T00:00:00.000,13:15,BRONX,10451.0,40.822033,-73.91182,"(40.822033, -73.91182)",3 AVENUE                        ,EAST 159 STREET,,1,0,1,0,0,0,0,0,Driver Inattention/Distraction,,,,,4381577,,,,,
2021-01-04T00:00:00.000,13:20,BRONX,10455.0,40.80992,-73.90722,"(40.80992, -73.90722)",EAST 145 STREET                 ,SOUTHERN BOULEVARD,,0,0,0,0,0,0,0,0,Driver Inattention/Distraction,Unspecified,,,,4381578,Sedan,Sedan,,,
2021-01-04T00:00:00.000,18:14,,,40.815872,-73.9257,"(40.815872, -73.9257)",EAST 144 STREET                 ,CANAL PLACE,,0,0,0,0,0,0,0,0,Driver Inattention/Distraction,,,,,4381579,Sedan,,,,
2021-01-04T00:00:00.000,17:50,,,40.835724,-73.92129,"
,  
(40.835724, -73.92129)",EAST 167 STREET,,,1,0,0,0,1,0,0,0,Reaction to Uninvolved Vehicle,Unspecified,,,,4381580,Bike,Station Wagon/Sport Utility Vehicle,,,
2021-01-04T00:00:00.000,17:35,BRONX,10451.0,,,,EAST 138 STREET                 ,EXTERIOR STREET,,0,0,0,0,0,0,0,0,Unspecified,,,,,4381581,Sedan,,,,
2021-01-01T00:00:00.000,20:35,MANHATTAN,10038.0,40.71097,-74.00365,"(40.71097, -74.00365)",ROSE STREET                     ,FINEST AVENUE,,0,0,0,0,0,0,0,0,Driver Inattention/Distraction,Unspecified,,,,4381582,Station Wagon/Sport Utility Vehicle,Sedan,,,
2021-01-03T00:00:00.000,18:40,BRONX,10451.0,40.817387,-73.92277,"(40.817387, -73.92277)",EAST 149 STREET                 ,MORRIS AVENUE,,2,0,0,0,0,0,2,0,Unsafe Speed,Unspecified,Unspecified,,,4381583,Sedan,Sedan,Sedan,,
2021-01-04T00:00:00.000,23:10,,,40.736145,-73.92651,"(40.736145, -73.92651)",LONG ISLAND EXPRESSWAY          ,,,0,0,0,0,0,0,0,0,Driver Inattention/Distraction,Unspecified,,,,4381584,Station Wagon/Sport Utility Vehicle,Pick-up Truck,,,
2021-01-04T00:00:00.000,12:30,QUEENS,11417.0,40.682247,-73.84068,"(40.682247, -73.84068)",,,103-44    100 STREET                    ,0,0,0,0,0,0,0,0,Backing Unsafely,Unspecified,,,,4381585,Pick-up Truck,Sedan,,,
2021-01-01T00:00:00.000,21:40,,,40.59515,-73.75321,"(40.59515, -73.75321)",BEACH 19 STREET                 ,,,1,0,1,0,0,0,0,0,Driver Inattention/Distraction,,,,,4381587,Bus,,,,
2021-01-02T00:00:00.000,15:30,,,40.605057,-73.747284,"(40.605057, -73.747284)",BEACH 12 STREET                 ,DINSMORE AVENUE,,0,0,0,0,0,0,0,0,Unspecified,,,,,4381588,Station Wagon/Sport Utility Vehicle,,,,
2021-01-03T00:00:00.000,17:35,QUEENS,11691.0,40.609398,-73.75862,"(40.609398, -73.75862)",ENRIGHT ROAD                    ,EGGERT PLACE,,0,0,0,0,0,0,0,0,Unspecified,Unspecified,,,,4381589,Sedan,Station Wagon/Sport Utility Vehicle,,,
2021-01-05T00:00:00.000,0:00,,,40.768875,-73.94898,"(40.768875, -73.94898)",FDR DRIVE                       ,,,1,0,0,0,0,0,1,0,Unspecified,,,,,4381590,Station Wagon/Sport Utility Vehicle,,,,
2021-01-04T00:00:00.000,20:50,,,40.732822,-73.8684,"(40.732822, -73.8684)",LONG ISLAND EXPRESSWAY          ,,,0,0,0,0,0,0,0,0,Driver Inattention/Distraction,Unspecified,,,,4381591,Sedan,,,,
2021-01-02T00:00:00.000,22:46,,,40.845104,-73.91494,"(40.845104, -73.91494)",CROSS BRONX EXPY                ,,,4,0,0,0,0,0,4,0,Unsafe Lane Changing,Unspecified,,,,4381592,Sedan,,,,
2021-01-04T00:00:00.000,2:00,,,40.682537,-73.80716,"(40.682537, -73.80716)",135 STREET                      ,,,0,0,0,0,0,0,0,0,Turning Improperly,Unspecified,Unspecified,,,4381593,Sedan,Station Wagon/Sport Utility Vehicle,Station Wagon/Sport Utility Vehicle,,
2021-01-04T00:00:00.000,18:00,QUEENS,11417.0,40.680687,-73.84459,"(40.680687, -73.84459)",CROSS BAY BOULEVARD             ,ROCKAWAY BOULEVARD,,2,0,2,0,0,0,0,0,Unspecified,,,,,4381594,Station Wagon/Sport Utility Vehicle,,,,
2021-01-04T00:00:00.000,15:30,BROOKLYN,11231.0,40.674408,-74.00698,"(40.674408, -74.00698)",,,70        LORRAINE STREET               ,0,0,0,0,0,0,0,0,Driver Inattention/Distraction,Unspecified,,,,4381595,Station Wagon/Sport Utility Vehicle,,,,
2021-01-04T00:00:00.000,13:33,BROOKLYN,11231.0,40.68336,-74.00597,"(40.68336, -74.00597)",HAMILTON AVENUE                 ,VAN BRUNT STREET,,1,0,0,0,0,0,1,0,Driver Inattention/Distraction,,,,,4381596,Sedan,,,,
2021-01-04T00:00:00.000,11:20,BROOKLYN,11231.0,40.679943,-73.98956,"(40.679943, -73.98956)",UNION STREET                    ,BOND STREET,,0,0,0,0,0,0,0,0,Passing Too Closely,Unspecified,Unspecified,,,4381598,Garbage or Refuse,Sedan,Station Wagon/Sport Utility Vehicle,,
2021-01-05T00:00:00.000,6:45,BROOKLYN,11249.0,40.719383,-73.96319,"(40.719383, -73.96319)",,,20        NORTH 5 STREET                ,0,0,0,0,0,0,0,0,Driver Inattention/Distraction,Unspecified,,,,4381602,Station Wagon/Sport Utility Vehicle,,,,
2021-01-02T00:00:00.000,16:36,MANHATTAN,10021.0,40.768486,-73.955505,"(40.768486, -73.955505)",EAST 73 STREET                  ,1 AVENUE,,0,0,0,0,0,0,0,0,,,,,,4381603,,,,,
2021-01-03T00:00:00.000,7:05,MANHATTAN,10021.0,40.767803,-73.95601,"(40.767803, -73.95601)",EAST 72 STREET                  ,1 AVENUE,,0,0,0,0,0,0,0,0,Driver Inattention/Distraction,Unspecified,,,,4381604,Station Wagon/Sport Utility Vehicle,Taxi,,,
2021-01-04T00:00:00.000,11:13,QUEENS,11691.0,40.596325,-73.76673,"(40.596325, -73.76673)",ROCKAWAY FREEWAY                ,SEAGIRT BOULEVARD,,0,0,0,0,0,0,0,0,Driver Inattention/Distraction,Driver Inattention/Distraction,,,,4381605,Station Wagon/Sport Utility Vehicle,,,,
2021-01-01T00:00:00.000,1:40,QUEENS,11691.0,40.594612,-73.77466,"(40.594612, -73.77466)",,,327       BEACH 43 STREET               ,0,0,0,0,0,0,0,0,Alcohol Involvement,Unspecified,,,,4381606,Station Wagon/Sport Utility Vehicle,,,,
2021-01-04T00:00:00.000,17:17,QUEENS,11691.0,40.609108,-73.74685,"(40.609108, -73.74685)",BEACH 9 STREET                  ,CENTRAL AVENUE,,1,0,1,0,0,0,0,0,Driver Inattention/Distraction,,,,,4381607,Sedan,,,,
2021-01-03T00:00:00.000,20:04,BRONX,10458.0,40.861828,-73.89286,"(40.861828, -73.89286)",EAST FORDHAM ROAD               ,MARION AVENUE,,1,0,1,0,0,0,0,0,Failure to Yield Right-of-Way,,,,,4381608,,,,,
2021-01-04T00:00:00.000,12:19,QUEENS,11374.0,,,,,,6135      JUNCTION BOULEVARD            ,1,0,1,0,0,0,0,0,Driver Inattention/Distraction,,,,,4381610,,,,,
2021-01-04T00:00:00.000,13:10,STATEN ISLAND,10304.0,40.629734,-74.08457,"(40.629734, -74.08457)",OCCIDENT AVENUE                 ,SUNRISE TERRACE,,0,0,0,0,0,0,0,0,Turning Improperly,Unspecified,,,,4381612,Pick-up Truck,Sedan,,,
2021-01-04T00:00:00.000,11:16,MANHATTAN,10032.0,40.842472,-73.93551,"(40.842472, -73.93551)",,,507       WEST 172 STREET               ,0,0,0,0,0,0,0,0,Driver Inattention/Distraction,Unspecified,Unspecified,Unspecified,Unspecified,4381613,Sedan,Sedan,Taxi,Sedan,Sedan
2021-01-04T00:00:00.000,22:50,BROOKLYN,11225.0,40.660477,-73.94491,"(40.660477, -73.94491)",,,463       MIDWOOD STREET                ,1,0,0,0,0,0,1,0,Driver Inattention/Distraction,Driver Inattention/Distraction,Unspecified,Unspecified,Unspecified,4381614,Ambulance,Ambulance,Station Wagon/Sport Utility Vehicle,Sedan,Sedan
2021-01-05T00:00:00.000,5:40,,,,,,WEST SERVICE ROAD               ,ARDEN ROAD,,2,0,0,0,0,0,2,0,Prescription Medication,,,,,4381615,Sedan,,,,
2021-01-02T00:00:00.000,16:25,BROOKLYN,11212.0,40.66399,-73.92988,"(40.66399, -73.92988)",EAST 92 STREET                  ,EAST NEW YORK AVENUE,,0,0,0,0,0,0,0,0,Driver Inattention/Distraction,Unspecified,,,,4381616,Sedan,Sedan,,,
2021-01-03T00:00:00.000,17:43,,,40.830845,-73.947235,"(40.830845, -73.947235)",BROADWAY                        ,,,0,0,0,0,0,0,0,0,Driver Inattention/Distraction,Unspecified,,,,4381617,Ambulance,Bus,,,
2021-01-04T00:00:00.000,11:30,,,40.721497,-73.83531,"(40.721497, -73.83531)",GRAND CENTRAL PKWY              ,,,1,0,0,0,0,0,1,0,Following Too Closely,Driver Inattention/Distraction,Unspecified,,,4381618,Sedan,Station Wagon/Sport Utility Vehicle,Sedan,,
2021-01-04T00:00:00.000,7:45,,,40.746113,-73.73576,"(40.746113, -73.73576)",CROSS ISLAND PARKWAY            ,,,0,0,0,0,0,0,0,0,Driver Inattention/Distraction,Traffic Control Disregarded,Driver Inattention/Distraction,,,4381619,Station Wagon/Sport Utility Vehicle,Station Wagon/Sport Utility Vehicle,Sedan,,
2021-01-04T00:00:00.000,14:00,,,40.74233,-73.83764,"(40.74233, -73.83764)",VAN WYCK EXPWY                  ,,,0,0,0,0,0,0,0,0,Failure to Yield Right-of-Way,Unspecified,,,,4381620,Chassis Cab,Box Truck,,,
2021-01-04T00:00:00.000,14:00,,,40.733917,-73.9219,"(40.733917, -73.9219)",LONG ISLAND EXPRESSWAY          ,,,1,0,0,0,0,0,1,0,Reaction to Uninvolved Vehicle,Following Too Closely,Unspecified,,,4381621,Sedan,Station Wagon/Sport Utility Vehicle,Station Wagon/Sport Utility Vehicle,,
2021-01-04T00:00:00.000,20:00,,,40.719734,-73.78652,"(40.719734, -73.78652)",GRAND CENTRAL PKWY              ,,,4,0,0,0,0,0,4,0,Following Too Closely,Reaction to Uninvolved Vehicle,,,,4381622,Sedan,Sedan,,,
2021-01-04T00:00:00.000,16:52,,,40.739788,-73.845375,"(40.739788, -73.845375)",GRAND CENTRAL PKWY              ,,,1,0,0,0,0,0,1,0,Following Too Closely,Unspecified,,,,4381624,Station Wagon/Sport Utility Vehicle,Station Wagon/Sport Utility Vehicle,,,
2021-01-04T00:00:00.000,15:15,,,40.74407,-73.73309,"(40.74407, -73.73309)",CROSS ISLAND PARKWAY            ,,,0,0,0,0,0,0,0,0,Driver Inattention/Distraction,Unspecified,,,,4381625,Motorcycle,Sedan,,,
2021-01-04T00:00:00.000,21:37,,,,,,JACKIE ROBINSON PKWY            ,,,0,0,0,0,0,0,0,0,Oversized Vehicle,,,,,4381626,Tractor Truck Diesel,,,,
2021-01-04T00:00:00.000,8:46,BRONX,10453.0,40.852642,-73.908424,"(40.852642, -73.908424)",JEROME AVENUE                   ,EAST 179 STREET,,1,0,0,0,0,0,1,0,Traffic Control Disregarded,Unspecified,,,,4381628,Station Wagon/Sport Utility Vehicle,Sedan,,,
2021-01-04T00:00:00.000,15:15,MANHATTAN,10033.0,40.844624,-73.93536,"(40.844624, -73.93536)",,,194       AUDUBON AVENUE                ,2,0,0,0,0,0,2,0,Driver Inattention/Distraction,Unspecified,,,,4381629,Sedan,Taxi,,,
2021-01-05T00:00:00.000,5:15,,,40.83717,-73.948906,"(40.83717, -73.948906)",HENRY HUDSON PARKWAY            ,,,0,0,0,0,0,0,0,0,Accelerator Defective,Other Vehicular,,,,4381630,Station Wagon/Sport Utility Vehicle,Sedan,,,
2021-01-04T00:00:00.000,14:04,MANHATTAN,10032.0,40.83469,-73.949005,"(40.83469, -73.949005)",,,156-08    RIVERSIDE DRIVE               ,0,0,0,0,0,0,0,0,Aggressive Driving/Road Rage,Unspecified,,,,4381632,Sedan,,,,
2021-01-04T00:00:00.000,12:38,,,40.75533,-73.99119,"(40.75533, -73.99119)",8 AVENUE                        ,,,0,0,0,0,0,0,0,0,Passing Too Closely,Unspecified,,,,4381633,Sedan,Taxi,,,
2021-01-05T00:00:00.000,0:35,,,40.634354,-73.94202,"(40.634354, -73.94202)",GLENWOOD ROAD                   ,,,3,0,0,0,0,0,3,0,Unsafe Speed,Unspecified,Unspecified,Unspecified,,4381635,Sedan,Sedan,Sedan,Sedan,
2021-01-05T00:00:00.000,4:40,,,40.651546,-73.95257,"(40.651546, -73.95257)",ROGERS AVENUE                   ,,,0,0,0,0,0,0,0,0,Unsafe Lane Changing,Unspecified,,,,4381636,Taxi,Sedan,,,
2021-01-04T00:00:00.000,22:00,QUEENS,11412.0,40.70314,-73.76007,"(40.70314, -73.76007)",196 STREET                      ,111 AVENUE,,1,0,0,0,0,0,1,0,Unspecified,Unspecified,Unspecified,Unspecified,,4381638,Station Wagon/Sport Utility Vehicle,Sedan,Sedan,Sedan,
2021-01-05T00:00:00.000,9:50,,,40.738194,-73.8492,"(40.738194, -73.8492)",LONG ISLAND EXPRESSWAY          ,,,1,0,0,0,0,0,1,0,Driver Inattention/Distraction,Unspecified,,,,4381639,Station Wagon/Sport Utility Vehicle,Box Truck,,,
2021-01-02T00:00:00.000,14:30,QUEENS,11103.0,40.761642,-73.91777,"(40.761642, -73.91777)",,,38-07     31 AVENUE                     ,0,0,0,0,0,0,0,0,Driver Inattention/Distraction,Unspecified,,,,4381641,Sedan,Station Wagon/Sport Utility Vehicle,,,
2021-01-04T00:00:00.000,8:35,QUEENS,11102.0,40.77575,-73.92897,"(40.77575, -73.92897)",,,25-40     SHORE BOULEVARD               ,0,0,0,0,0,0,0,0,Illnes,Unspecified,Unspecified,Unspecified,,4381642,Sedan,Sedan,Dump,Sedan,
2021-01-04T00:00:00.000,21:09,QUEENS,11377.0,40.76432,-73.90275,"(40.76432, -73.90275)",,,24-55     BROOKLYN QUEENS EXPRESSWAY    ,0,0,0,0,0,0,0,0,Unspecified,Unspecified,,,,4381643,Station Wagon/Sport Utility Vehicle,Station Wagon/Sport Utility Vehicle,,,
2021-01-04T00:00:00.000,11:45,QUEENS,11103.0,40.76058,-73.9144,"(40.76058, -73.9144)",,,30-98     43 STREET                     ,0,0,0,0,0,0,0,0,Driver Inattention/Distraction,Unspecified,,,,4381644,Station Wagon/Sport Utility Vehicle,Sedan,,,
2021-01-04T00:00:00.000,15:00,QUEENS,11105.0,40.770824,-73.9032,"(40.770824, -73.9032)",DITMARS BOULEVARD               ,45 STREET,,0,0,0,0,0,0,0,0,Traffic Control Disregarded,Unspecified,,,,4381645,Sedan,Sedan,,,
2021-01-04T00:00:00.000,18:50,QUEENS,11101.0,40.749714,-73.93617,"(40.749714, -73.93617)",41 AVENUE                       ,NORTHERN BOULEVARD,,1,0,0,0,0,0,1,0,Driver Inattention/Distraction,Unspecified,,,,4381646,Sedan,Moped,,,
2021-01-04T00:00:00.000,18:27,,,40.769897,-73.91344,"(40.769897, -73.91344)",36 STREET                       ,ASTORIA BOULEVARD,,1,0,1,0,0,0,0,0,Driver Inattention/Distraction,,,,,4381647,Sedan,,,,
2021-01-04T00:00:00.000,15:00,,,,,,DONGAN HILL AVENUE              ,RICHMOND ROAD,,0,0,0,0,0,0,0,0,Backing Unsafely,Unspecified,,,,4381648,Station Wagon/Sport Utility Vehicle,,,,
2021-01-05T00:00:00.000,8:20,QUEENS,11357.0,40.789368,-73.81153,"(40.789368, -73.81153)",CLINTONVILLE STREET             ,14 AVENUE,,1,0,1,0,0,0,0,0,Failure to Yield Right-of-Way,,,,,4381649,Sedan,,,,
2021-01-04T00:00:00.000,19:43,STATEN ISLAND,10306.0,40.55578,-74.12896,"(40.55578, -74.12896)",HYLAN BOULEVARD                 ,HOPKINS AVENUE,,0,0,0,0,0,0,0,0,Animals Action,,,,,4381650,Sedan,,,,
2021-01-04T00:00:00.000,12:30,BRONX,10472.0,40.82692,-73.87199,"(40.82692, -73.87199)",METCALF AVENUE                  ,WATSON AVENUE,,0,0,0,0,0,0,0,0,Unspecified,Unspecified,,,,4381651,Sedan,Sedan,,,
2021-01-04T00:00:00.000,18:20,,,40.836155,-73.87179,"(40.836155, -73.87179)",CROSS BRONX EXPY                ,,,0,0,0,0,0,0,0,0,Unspecified,Unspecified,,,,4381652,Sedan,,,,
2021-01-05T00:00:00.000,10:30,BRONX,10473.0,40.824314,-73.84297,"(40.824314, -73.84297)",,,807       ZEREGA AVENUE                 ,0,0,0,0,0,0,0,0,Unspecified,,,,,4381653,Pick-up Truck,,,,
2021-01-04T00:00:00.000,8:50,BRONX,10453.0,40.8518,-73.909225,"(40.8518, -73.909225)",WEST TREMONT AVENUE             ,JEROME AVENUE,,2,0,0,0,0,0,2,0,Driver Inexperience,Other Vehicular,Unspecified,,,4381654,Station Wagon/Sport Utility Vehicle,Sedan,Station Wagon/Sport Utility Vehicle,,
2021-01-04T00:00:00.000,6:13,,,40.841087,-73.86447,"(40.841087, -73.86447)",EAST TREMONT AVENUE             ,,,1,0,1,0,0,0,0,0,Driver Inattention/Distraction,,,,,4381655,Station Wagon/Sport Utility Vehicle,,,,
2021-01-02T00:00:00.000,14:49,QUEENS,11106.0,40.759007,-73.93495,"(40.759007, -73.93495)",,,23-02     36 AVENUE                     ,2,0,0,0,0,0,2,0,Driver Inattention/Distraction,Unspecified,,,,4381656,Motorcycle,Motorcycle,,,
2021-01-03T00:00:00.000,14:00,,,40.756344,-73.91342,"(40.756344, -73.91342)",BROADWAY                        ,,,0,0,0,0,0,0,0,0,Driver Inattention/Distraction,Unspecified,,,,4381657,Station Wagon/Sport Utility Vehicle,Station Wagon/Sport Utility Vehicle,,,
2021-01-02T00:00:00.000,20:50,BRONX,10469.0,40.86227,-73.83102,"(40.86227, -73.83102)",,,1990      EAST GUN HILL ROAD            ,0,0,0,0,0,0,0,0,Unspecified,,,,,4381658,Sedan,Sedan,,,
2021-01-05T00:00:00.000,10:46,QUEENS,11102.0,40.766357,-73.921844,"(40.766357, -73.921844)",,,30-22     31 STREET                     ,0,0,0,0,0,0,0,0,Turning Improperly,Unspecified,,,,4381659,Sedan,Sedan,,,
2021-01-05T00:00:00.000,6:56,,,40.77077,-73.91727,"(40.77077, -73.91727)",31 STREET                       ,ASTORIA BOULEVARD,,0,0,0,0,0,0,0,0,Unspecified,,,,,4381660,Sedan,,,,
2021-01-05T00:00:00.000,10:00,QUEENS,11435.0,40.70909,-73.81244,"(40.70909, -73.81244)",144 STREET                      ,85 DRIVE,,0,0,0,0,0,0,0,0,Unspecified,,,,,4381661,Sedan,,,,
2021-01-04T00:00:00.000,17:43,,,40.675346,-73.92198,"(40.675346, -73.92198)",DEAN STREET                     ,,,0,0,0,0,0,0,0,0,Aggressive Driving/Road Rage,Unspecified,,,,4381663,Sedan,Station Wagon/Sport Utility Vehicle,,,
2021-01-05T00:00:00.000,9:49,MANHATTAN,10022.0,,,,2 Avenue                        ,EAST 50,,0,0,0,0,0,0,0,0,Driver Inattention/Distraction,Unspecified,,,,4381665,Box Truck,Bike,,,
2021-01-04T00:00:00.000,15:15,BROOKLYN,11212.0,40.662964,-73.90614,"(40.662964, -73.90614)",WATKINS STREET                  ,LIVONIA AVENUE,,0,0,0,0,0,0,0,0,Passing or Lane Usage Improper,Passing or Lane Usage Improper,,,,4381667,Sedan,PK,,,
2021-01-04T00:00:00.000,12:30,BROOKLYN,11233.0,40.67308,-73.91124,"(40.67308, -73.91124)",ROCKAWAY AVENUE                 ,EASTERN PARKWAY,,0,0,0,0,0,0,0,0,Other Vehicular,Other Vehicular,,,,4381668,Sedan,Sedan,,,
2021-01-01T00:00:00.000,1:00,BROOKLYN,11212.0,40.657524,-73.91055,"(40.657524, -73.91055)",BOYLAND STREET                  ,LOTT AVENUE,,0,0,0,0,0,0,0,0,Alcohol Involvement,Unspecified,,,,4381669,Sedan,Sedan,,,
2021-01-04T00:00:00.000,22:15,QUEENS,11433.0,40.702404,-73.78012,"(40.702404, -73.78012)",,,177-66    106 ROAD                      ,0,0,0,0,0,0,0,0,Driver Inattention/Distraction,Unspecified,,,,4381670,Sedan,,,,
2021-01-05T00:00:00.000,11:15,STATEN ISLAND,10312.0,40.539898,-74.16103,"(40.539898, -74.16103)",RICHMOND AVENUE                 ,SYCAMORE STREET,,0,0,0,0,0,0,0,0,Driver Inattention/Distraction,Unspecified,Unspecified,Unspecified,Unspecified,4381671,Station Wagon/Sport Utility Vehicle,Station Wagon/Sport Utility Vehicle,Sedan,Station Wagon/Sport Utility Vehicle,Station Wagon/Sport Utility Vehicle
2021-01-03T00:00:00.000,15:00,QUEENS,11372.0,40.750095,-73.87491,"(40.750095, -73.87491)",92 STREET                       ,ELMHURST AVENUE,,1,0,1,0,0,0,0,0,,,,,,4381672,,,,,
2021-01-04T00:00:00.000,22:30,,,40.848118,-73.93089,"(40.848118, -73.93089)",WEST 181 STREET                 ,,,0,0,0,0,0,0,0,0,Following Too Closely,Unspecified,,,,4381673,Station Wagon/Sport Utility Vehicle,Sedan,,,
2021-01-05T00:00:00.000,7:18,MANHATTAN,10040.0,40.8531,-73.92915,"(40.8531, -73.92915)",AUDUBON AVENUE                  ,WEST 188 STREET,,0,0,0,0,0,0,0,0,Passing or Lane Usage Improper,Unspecified,,,,4381674,Sedan,,,,
2021-01-05T00:00:00.000,10:27,,,40.871044,-73.91576,"(40.871044, -73.91576)",PARK TERRACE EAST               ,,,0,0,0,0,0,0,0,0,Driver Inattention/Distraction,Unspecified,,,,4381675,Station Wagon/Sport Utility Vehicle,Box Truck,,,
2021-01-05T00:00:00.000,14:00,QUEENS,11366.0,40.72185,-73.807785,"(40.72185, -73.807785)",160 STREET                      ,78 ROAD,,0,0,0,0,0,0,0,0,Driver Inattention/Distraction,Unspecified,,,,4381676,Station Wagon/Sport Utility Vehicle,Sedan,,,
2021-01-04T00:00:00.000,16:50,,,40.67798,-73.872116,"(40.67798, -73.872116)",CONDUIT BOULEVARD               ,LIBERTY AVENUE,,0,0,0,0,0,0,0,0,Unspecified,,,,,4381678,Sedan,,,,
2021-01-04T00:00:00.000,18:30,,,40.661167,-73.87969,"(40.661167, -73.87969)",STANLEY AVENUE                  ,,,0,0,0,0,0,0,0,0,Driver Inattention/Distraction,,,,,4381679,Sedan,,,,
2021-01-04T00:00:00.000,22:52,,,40.694855,-73.984215,"(40.694855, -73.984215)",JOHNSON STREET                  ,,,0,0,0,0,0,0,0,0,Passing Too Closely,Unspecified,,,,4381681,Station Wagon/Sport Utility Vehicle,,,,
2021-01-01T00:00:00.000,0:01,BROOKLYN,11207.0,40.65945,-73.89847,"(40.65945, -73.89847)",SNEDIKER AVENUE                 ,NEW LOTS AVENUE,,1,0,0,0,0,0,1,0,Failure to Yield Right-of-Way,Unspecified,,,,4381682,Sedan,Sedan,,,
2021-01-01T00:00:00.000,2:55,BROOKLYN,11239.0,40.650764,-73.88481,"(40.650764, -73.88481)",PENNSYLVANIA AVENUE             ,VANDALIA AVENUE,,0,0,0,0,0,0,0,0,Traffic Control Disregarded,Unspecified,,,,4381683,Sedan,Sedan,,,
2021-01-02T00:00:00.000,0:00,BROOKLYN,11207.0,40.652752,-73.88629,"(40.652752, -73.88629)",PENNSYLVANIA AVENUE             ,FLATLANDS AVENUE,,3,0,0,0,0,0,3,0,View Obstructed/Limited,Failure to Yield Right-of-Way,,,,4381685,Sedan,Station Wagon/Sport Utility Vehicle,,,
2021-01-01T00:00:00.000,6:30,BROOKLYN,11208.0,40.679535,-73.87914,"(40.679535, -73.87914)",,,3143      ATLANTIC AVENUE               ,0,0,0,0,0,0,0,0,Driver Inattention/Distraction,Unspecified,,,,4381686,Station Wagon/Sport Utility Vehicle,,,,
2021-01-02T00:00:00.000,13:10,BROOKLYN,11207.0,40.661415,-73.898,"(40.661415, -73.898)",,,553       HINSDALE STREET               ,0,0,0,0,0,0,0,0,Unspecified,Unspecified,Unspecified,,,4381687,Station Wagon/Sport Utility Vehicle,Sedan,Sedan,,
2021-01-02T00:00:00.000,14:19,,,40.680504,-73.8829,"(40.680504, -73.8829)",FULTON STREET                   ,,,0,0,0,0,0,0,0,0,Unspecified,,,,,4381688,Station Wagon/Sport Utility Vehicle,,,,
2021-01-03T00:00:00.000,10:00,BROOKLYN,11207.0,40.650272,-73.89097,"(40.650272, -73.89097)",,,11110     FLATLANDS AVENUE              ,0,0,0,0,0,0,0,0,Driver Inattention/Distraction,Unspecified,,,,4381691,Station Wagon/Sport Utility Vehicle,,,,
2021-01-01T00:00:00.000,19:00,BROOKLYN,11207.0,40.6593,-73.87829,"(40.6593, -73.87829)",,,941       ASHFORD STREET                ,0,0,0,0,0,0,0,0,Unspecified,,,,,4381692,Station Wagon/Sport Utility Vehicle,,,,
2021-01-03T00:00:00.000,12:15,BROOKLYN,11208.0,40.67434,-73.87934,"(40.67434, -73.87934)",,,2519      PITKIN AVENUE                 ,0,0,0,0,0,0,0,0,Backing Unsafely,Unspecified,Unspecified,,,4381693,Sedan,Sedan,Sedan,,
2021-01-03T00:00:00.000,14:40,,,40.6604,-73.876915,"(40.6604, -73.876915)",ELTON STREET                    ,,,0,0,0,0,0,0,0,0,Tire Failure/Inadequate,Unspecified,Unspecified,Unspecified,,4381694,Sedan,Sedan,Sedan,Station Wagon/Sport Utility Vehicle,
2021-01-03T00:00:00.000,13:00,BROOKLYN,11207.0,40.680252,-73.89133,"(40.680252, -73.89133)",,,88        HENDRIX STREET                ,0,0,0,0,0,0,0,0,Driver Inattention/Distraction,Unspecified,,,,4381695,Sedan,,,,
2021-01-03T00:00:00.000,19:45,,,40.645344,-73.87897,"(40.645344, -73.87897)",PENNSYLVANIA AVENUE             ,HORNELL LOOP,,0,0,0,0,0,0,0,0,Failure to Yield Right-of-Way,Unspecified,,,,4381696,Sedan,Sedan,,,
2021-01-04T00:00:00.000,17:35,BROOKLYN,11208.0,40.67148,-73.86334,"(40.67148, -73.86334)",,,760       ELDERTS LANE                  ,0,0,0,0,0,0,0,0,Other Vehicular,Other Vehicular,Unspecified,,,4381697,Station Wagon/Sport Utility Vehicle,Station Wagon/Sport Utility Vehicle,Sedan,,
2021-01-01T00:00:00.000,17:00,,,40.67046,-73.88788,"(40.67046, -73.88788)",SUTTER AVENUE                   ,,,0,0,0,0,0,0,0,0,Driver Inattention/Distraction,Unspecified,,,,4381698,Sedan,Sedan,,,
2021-01-04T00:00:00.000,21:45,,,,,,HIGHLAND BOULEVARD              ,VERMONT PLACE,,0,0,0,0,0,0,0,0,Driver Inattention/Distraction,Unspecified,,,,4381699,Sedan,,,,
2021-01-04T00:00:00.000,23:14,BROOKLYN,11208.0,40.686733,-73.87405,"(40.686733, -73.87405)",ETNA STREET                     ,PINE STREET,,1,0,0,0,0,0,1,0,Driver Inattention/Distraction,Unspecified,Unspecified,Unspecified,,4381700,Sedan,Sedan,Sedan,Station Wagon/Sport Utility Vehicle,
2021-01-05T00:00:00.000,6:55,BROOKLYN,11208.0,40.6647,-73.87149,"(40.6647, -73.87149)",STANLEY AVENUE                  ,LOGAN STREET,,0,0,0,0,0,0,0,0,Failure to Yield Right-of-Way,Unsafe Speed,,,,4381701,Sedan,Bus,,,
2021-01-04T00:00:00.000,12:25,QUEENS,11372.0,40.749866,-73.883255,"(40.749866, -73.883255)",,,83-05     37 AVENUE                     ,1,0,0,0,0,0,1,0,Driver Inattention/Distraction,Unspecified,,,,4381703,Sedan,Sedan,,,
2021-01-04T00:00:00.000,22:00,QUEENS,11368.0,40.752235,-73.86293,"(40.752235, -73.86293)",104 STREET                      ,37 DRIVE,,0,0,0,0,0,0,0,0,Driver Inattention/Distraction,Unspecified,,,,4381704,Station Wagon/Sport Utility Vehicle,Station Wagon/Sport Utility Vehicle,,,
2021-01-03T00:00:00.000,12:44,,,40.7672,-73.887825,"(40.7672, -73.887825)",GRAND CENTRAL PARKWAY           ,82 STREET,,0,0,0,0,0,0,0,0,Unspecified,,,,,4381705,Station Wagon/Sport Utility Vehicle,,,,
2021-01-05T00:00:00.000,8:22,BROOKLYN,11236.0,40.645134,-73.90232,"(40.645134, -73.90232)",GLENWOOD ROAD                   ,ROCKAWAY PARKWAY,,0,0,0,0,0,0,0,0,Unspecified,Unspecified,,,,4381707,Bus,Sedan,,,
2021-01-04T00:00:00.000,12:54,BROOKLYN,11236.0,40.638428,-73.91275,"(40.638428, -73.91275)",EAST 83 STREET                  ,GLENWOOD ROAD,,1,0,0,0,0,0,1,0,Following Too Closely,Unspecified,,,,4381708,Station Wagon/Sport Utility Vehicle,Sedan,,,
2021-01-05T00:00:00.000,12:49,MANHATTAN,10035.0,40.80427,-73.94177,"(40.80427, -73.94177)",,,1901      MADISON AVENUE                ,1,0,0,0,1,0,0,0,Passing or Lane Usage Improper,Unspecified,,,,4381709,Sedan,Bike,,,
2021-01-05T00:00:00.000,9:23,BROOKLYN,11236.0,40.646404,-73.912865,"(40.646404, -73.912865)",,,900       REMSEN AVENUE                 ,0,0,0,0,0,0,0,0,Unspecified,Unspecified,,,,4381710,Station Wagon/Sport Utility Vehicle,Station Wagon/Sport Utility Vehicle,,,
2021-01-05T00:00:00.000,13:00,QUEENS,11434.0,40.66796,-73.77155,"(40.66796, -73.77155)",BREWER BOULEVARD                ,NORTH CONDUIT AVENUE,,2,0,0,0,0,0,2,0,Unspecified,Unspecified,,,,4381711,Sedan,Sedan,,,
2021-01-05T00:00:00.000,13:10,MANHATTAN,10006.0,40.70677,-74.01586,"(40.70677, -74.01586)",,,31        WEST STREET                   ,0,0,0,0,0,0,0,0,Unspecified,,,,,4381712,PK,,,,
2021-01-04T00:00:00.000,20:00,BROOKLYN,11210.0,40.61843,-73.9443,"(40.61843, -73.9443)",,,1354      EAST 31 STREET                ,0,0,0,0,0,0,0,0,Unspecified,,,,,4381715,Station Wagon/Sport Utility Vehicle,,,,
2021-01-05T00:00:00.000,8:00,BROOKLYN,11234.0,40.634342,-73.92271,"(40.634342, -73.92271)",,,897       EAST 56 STREET                ,0,0,0,0,0,0,0,0,Unspecified,,,,,4381716,Station Wagon/Sport Utility Vehicle,,,,
2021-01-05T00:00:00.000,12:45,BRONX,10462.0,40.8313,-73.84458,"(40.8313, -73.84458)",ZEREGA AVENUE                   ,HAVILAND AVENUE,,0,0,0,0,0,0,0,0,Unspecified,,,,,4381717,Station Wagon/Sport Utility Vehicle,,,,
2021-01-05T00:00:00.000,12:13,,,40.591755,-73.9083,"(40.591755, -73.9083)",BELT PARKWAY                    ,,,1,0,0,0,0,0,1,0,Unspecified,Unspecified,,,,4381718,Station Wagon/Sport Utility Vehicle,Sedan,,,
2021-01-05T00:00:00.000,13:50,,,40.795963,-73.97084,"(40.795963, -73.97084)",BROADWAY                        ,,,1,0,0,0,1,0,0,0,Traffic Control Disregarded,Unspecified,,,,4381719,Sedan,E-Scooter,,,
2021-01-03T00:00:00.000,18:20,BRONX,10466.0,40.89061,-73.8536,"(40.89061, -73.8536)",,,861       EAST 231 STREET               ,0,0,0,0,0,0,0,0,Unspecified,,,,,4381721,Sedan,,,,
2021-01-04T00:00:00.000,17:49,QUEENS,11692.0,40.590202,-73.795944,"(40.590202, -73.795944)",ROCKAWAY BEACH BOULEVARD        ,BEACH 67 STREET,,0,0,0,0,0,0,0,0,Driver Inattention/Distraction,Driver Inattention/Distraction,,,,4381722,Station Wagon/Sport Utility Vehicle,Box Truck,,,
2021-01-04T00:00:00.000,20:15,QUEENS,11692.0,40.599125,-73.795166,"(40.599125, -73.795166)",,,65-35     BAYFIELD AVENUE               ,0,0,0,0,0,0,0,0,Backing Unsafely,Unspecified,,,,4381724,Station Wagon/Sport Utility Vehicle,Station Wagon/Sport Utility Vehicle,,,
2021-01-04T00:00:00.000,17:40,,,40.894314,-73.86027,"(40.894314, -73.86027)",CARPENTER AVENUE                ,,,1,0,0,0,0,0,1,0,Unspecified,Unspecified,Unspecified,Unspecified,Unspecified,4381725,Sedan,Sedan,Station Wagon/Sport Utility Vehicle,Pick-up Truck,Sedan
2021-01-05T00:00:00.000,15:15,,,40.666534,-73.80995,"(40.666534, -73.80995)",BELT PARKWAY                    ,,,1,0,0,0,0,0,1,0,Unsafe Lane Changing,Unspecified,,,,4381726,Station Wagon/Sport Utility Vehicle,Sedan,,,
2021-01-05T00:00:00.000,11:35,,,40.877728,-73.85928,"(40.877728, -73.85928)",BRONXWOOD AVENUE                ,,,0,0,0,0,0,0,0,0,Unspecified,,,,,4381727,Sedan,,,,
2021-01-04T00:00:00.000,8:34,,,40.689373,-73.7937,"(40.689373, -73.7937)",155 STREET                      ,,,0,0,0,0,0,0,0,0,Unspecified,Unspecified,,,,4381729,Pick-up Truck,Sedan,,,
2021-01-05T00:00:00.000,13:27,,,40.586098,-73.93237,"(40.586098, -73.93237)",BELT PARKWAY                    ,,,0,0,0,0,0,0,0,0,Reaction to Uninvolved Vehicle,Unspecified,,,,4381730,Station Wagon/Sport Utility Vehicle,Bus,,,
2021-01-05T00:00:00.000,15:59,,,40.638786,-73.94538,"(40.638786, -73.94538)",NEW YORK AVENUE                 ,,,0,0,0,0,0,0,0,0,Backing Unsafely,Backing Unsafely,,,,4381731,Sedan,Station Wagon/Sport Utility Vehicle,,,
2021-01-02T00:00:00.000,11:19,,,40.8464,-73.89338,"(40.8464, -73.89338)",EAST TREMONT AVENUE             ,ARTHUR AVENUE,,0,0,0,0,0,0,0,0,Failure to Yield Right-of-Way,Unspecified,,,,4381732,Ambulance,Pick-up Truck,,,
2021-01-05T00:00:00.000,11:10,QUEENS,11434.0,40.655254,-73.76568,"(40.655254, -73.76568)",ROCKAWAY BOULEVARD              ,182 STREET,,0,0,0,0,0,0,0,0,Failure to Yield Right-of-Way,Unspecified,,,,4381733,Sedan,Station Wagon/Sport Utility Vehicle,,,
2021-01-04T00:00:00.000,8:39,QUEENS,11377.0,40.744457,-73.90596,"(40.744457, -73.90596)",59 STREET                       ,41 AVENUE,,0,0,0,0,0,0,0,0,Unspecified,,,,,4381734,Sedan,,,,
2021-01-05T00:00:00.000,12:00,QUEENS,11426.0,40.742046,-73.72286,"(40.742046, -73.72286)",UNION TURNPIKE                  ,247 STREET,,0,0,0,0,0,0,0,0,Passing or Lane Usage Improper,Unspecified,,,,4381735,Station Wagon/Sport Utility Vehicle,Station Wagon/Sport Utility Vehicle,,,
2021-01-05T00:00:00.000,13:35,BRONX,10466.0,40.894314,-73.86027,"(40.894314, -73.86027)",CARPENTER AVENUE                ,EAST 233 STREET,,0,0,0,0,0,0,0,0,Driver Inattention/Distraction,Unspecified,,,,4381736,Box Truck,Station Wagon/Sport Utility Vehicle,,,
2021-01-05T00:00:00.000,16:00,QUEENS,11411.0,40.695957,-73.742744,"(40.695957, -73.742744)",217 STREET                      ,LINDEN BOULEVARD,,1,0,0,0,0,0,1,0,Lost Consciousness,Unspecified,Unspecified,,,4381737,Station Wagon/Sport Utility Vehicle,Station Wagon/Sport Utility Vehicle,Station Wagon/Sport Utility Vehicle,,
2021-01-05T00:00:00.000,15:25,MANHATTAN,10016.0,40.743782,-73.97352,"(40.743782, -73.97352)",1 AVENUE                        ,EAST 34 STREET,,0,0,0,0,0,0,0,0,Unsafe Lane Changing,Unspecified,,,,4381738,Sedan,Station Wagon/Sport Utility Vehicle,,,
2021-01-05T00:00:00.000,13:10,,,40.57257,-74.169876,"(40.57257, -74.169876)",,,2975      RICHMOND AVENUE               ,0,0,0,0,0,0,0,0,Backing Unsafely,Unspecified,,,,4381739,Station Wagon/Sport Utility Vehicle,Station Wagon/Sport Utility Vehicle,,,
2021-01-05T00:00:00.000,4:00,,,40.58684,-74.15421,"(40.58684, -74.15421)",,,110       KELLY BOULEVARD               ,0,0,0,0,0,0,0,0,Driver Inattention/Distraction,Unspecified,,,,4381740,Sedan,,,,
2021-01-05T00:00:00.000,12:30,,,40.6229,-74.14943,"(40.6229, -74.14943)",,,985       RICHMOND AVENUE               ,0,0,0,0,0,0,0,0,Driver Inattention/Distraction,Unspecified,,,,4381741,Sedan,Station Wagon/Sport Utility Vehicle,,,
2021-01-05T00:00:00.000,10:00,,,40.692463,-73.81082,"(40.692463, -73.81082)",VAN WYCK EXPWY                  ,,,0,0,0,0,0,0,0,0,Unsafe Lane Changing,Unspecified,,,,4381742,Sedan,Armored Truck,,,
2021-01-03T00:00:00.000,21:15,BRONX,10460.0,40.839985,-73.877426,"(40.839985, -73.877426)",EAST TREMONT AVENUE             ,DEVOE AVENUE,,0,0,0,0,0,0,0,0,Passing or Lane Usage Improper,Unspecified,,,,4381743,Sedan,Taxi,,,
2021-01-03T00:00:00.000,2:10,,,40.83675,-73.87792,"(40.83675, -73.87792)",CROSS BRONX EXPY                ,,,7,0,0,0,0,0,7,0,Alcohol Involvement,Unspecified,,,,4381744,Station Wagon/Sport Utility Vehicle,Station Wagon/Sport Utility Vehicle,,,
2021-01-05T00:00:00.000,12:50,BRONX,10458.0,40.86052,-73.89257,"(40.86052, -73.89257)",EAST 189 STREET                 ,WEBSTER AVENUE,,0,0,0,0,0,0,0,0,Following Too Closely,Driver Inattention/Distraction,,,,4381745,Station Wagon/Sport Utility Vehicle,Box Truck,,,
2021-01-03T00:00:00.000,19:40,QUEENS,11370.0,40.76014,-73.89663,"(40.76014, -73.89663)",71 STREET                       ,30 AVENUE,,2,0,0,0,0,0,2,0,Driver Inattention/Distraction,Unspecified,,,,4381746,Sedan,Station Wagon/Sport Utility Vehicle,,,
2021-01-05T00:00:00.000,15:36,MANHATTAN,10025.0,40.797367,-73.96053,"(40.797367, -73.96053)",CENTRAL PARK WEST               ,WEST 105 STREET,,1,0,0,0,1,0,0,0,Driver Inattention/Distraction,Unspecified,,,,4381747,Sedan,Bike,,,
2021-01-02T00:00:00.000,18:31,BRONX,10460.0,40.842655,-73.89052,"(40.842655, -73.89052)",EAST 176 STREET                 ,PROSPECT AVENUE,,0,0,0,0,0,0,0,0,Driver Inattention/Distraction,Unspecified,,,,4381748,Sedan,,,,
2021-01-04T00:00:00.000,18:09,,,40.8464,-73.89338,"(40.8464, -73.89338)",EAST TREMONT AVENUE             ,,,1,0,0,0,0,0,1,0,Failure to Yield Right-of-Way,Passing or Lane Usage Improper,,,,4381749,Sedan,Motorcycle,,,
2021-01-05T00:00:00.000,15:56,,,40.762093,-73.75691,"(40.762093, -73.75691)",CROSS ISLAND PARKWAY            ,,,1,0,0,0,0,0,1,0,Following Too Closely,Unspecified,,,,4381751,Pick-up Truck,Station Wagon/Sport Utility Vehicle,,,
2021-01-03T00:00:00.000,17:21,BRONX,10457.0,40.84744,-73.89968,"(40.84744, -73.89968)",PARK AVENUE                     ,EAST TREMONT AVENUE,,1,0,0,0,0,0,1,0,Other Vehicular,Other Vehicular,Other Vehicular,Other Vehicular,Other Vehicular,4381752,Sedan,Taxi,Station Wagon/Sport Utility Vehicle,Station Wagon/Sport Utility Vehicle,Station Wagon/Sport Utility Vehicle
2021-01-01T00:00:00.000,19:27,BRONX,10458.0,40.856884,-73.885025,"(40.856884, -73.885025)",,,633       EAST 189 STREET               ,0,0,0,0,0,0,0,0,Driver Inattention/Distraction,,,,,4381753,Sedan,,,,
2021-01-04T00:00:00.000,7:30,QUEENS,11104.0,40.74576,-73.92581,"(40.74576, -73.92581)",39 STREET                       ,43 AVENUE,,0,0,0,0,0,0,0,0,Driver Inattention/Distraction,Unspecified,Unspecified,,,4381754,Station Wagon/Sport Utility Vehicle,Station Wagon/Sport Utility Vehicle,,,
2021-01-05T00:00:00.000,13:45,QUEENS,11433.0,40.701237,-73.79465,"(40.701237, -73.79465)",BREWER BOULEVARD                ,LIBERTY AVENUE,,0,0,0,0,0,0,0,0,Driver Inattention/Distraction,Unspecified,,,,4381755,Sedan,Station Wagon/Sport Utility Vehicle,,,
2021-01-04T00:00:00.000,6:00,BRONX,10474.0,40.815914,-73.883995,"(40.815914, -73.883995)",,,741       WHITTIER STREET               ,0,0,0,0,0,0,0,0,Unspecified,,,,,4381756,Sedan,,,,
2021-01-04T00:00:00.000,19:38,BRONX,10455.0,40.810467,-73.902275,"(40.810467, -73.902275)",,,523       BRUCKNER BOULEVARD            ,0,0,0,0,0,0,0,0,Backing Unsafely,Unspecified,,,,4381757,Station Wagon/Sport Utility Vehicle,Station Wagon/Sport Utility Vehicle,,,
2021-01-05T00:00:00.000,15:52,QUEENS,11412.0,40.705544,-73.77914,"(40.705544, -73.77914)",,,180-66    LIBERTY AVENUE                ,0,0,0,0,0,0,0,0,Driver Inattention/Distraction,,,,,4381758,Station Wagon/Sport Utility Vehicle,,,,
2021-01-04T00:00:00.000,18:17,BRONX,10459.0,40.825306,-73.89067,"(40.825306, -73.89067)",WESTCHESTER AVENUE              ,HOE AVENUE,,1,0,1,0,0,0,0,0,Failure to Yield Right-of-Way,,,,,4381759,Sedan,,,,
2021-01-04T00:00:00.000,11:41,BRONX,10459.0,40.824654,-73.89194,"(40.824654, -73.89194)",WESTCHESTER AVENUE              ,SOUTHERN BOULEVARD,,0,0,0,0,0,0,0,0,Lost Consciousness,,,,,4381760,Station Wagon/Sport Utility Vehicle,,,,
2021-01-05T00:00:00.000,15:50,BROOKLYN,11217.0,40.68085,-73.97746,"(40.68085, -73.97746)",5 AVENUE                        ,SAINT MARKS AVENUE,,0,0,0,0,0,0,0,0,Following Too Closely,Unspecified,,,,4381761,Sedan,,,,
2021-01-05T00:00:00.000,18:15,,,,,,ATLANTIC AVENUE                 ,,,1,0,1,0,0,0,0,0,Failure to Yield Right-of-Way,,,,,4381763,Sedan,,,,
2021-01-05T00:00:00.000,12:12,BROOKLYN,11217.0,40.68008,-73.971405,"(40.68008, -73.971405)",CARLTON AVENUE                  ,BERGEN STREET,,1,0,0,0,1,0,0,0,Traffic Control Disregarded,Unspecified,,,,4381764,E-Bike,Moped,,,
2021-01-05T00:00:00.000,17:45,,,40.57758,-73.84388,"(40.57758, -73.84388)",ROCKAWAY BEACH BOULEVARD        ,,,2,0,2,0,0,0,0,0,Failure to Yield Right-of-Way,,,,,4381765,Sedan,,,,
2021-01-04T00:00:00.000,17:55,,,40.810093,-73.95309,"(40.810093, -73.95309)",SAINT NICHOLAS AVENUE           ,,,1,0,0,0,1,0,0,0,Following Too Closely,Following Too Closely,,,,4381766,Sedan,E-Scooter,,,
2021-01-05T00:00:00.000,17:20,QUEENS,11434.0,40.666695,-73.767136,"(40.666695, -73.767136)",SOUTH CONDUIT AVENUE            ,FARMERS BOULEVARD,,0,0,0,0,0,0,0,0,Driver Inattention/Distraction,Unspecified,,,,4381767,Pick-up Truck,Station Wagon/Sport Utility Vehicle,,,
2021-01-05T00:00:00.000,18:50,QUEENS,11377.0,40.740494,-73.89727,"(40.740494, -73.89727)",QUEENS BOULEVARD                ,67 STREET,,1,0,0,0,0,0,1,0,Driver Inattention/Distraction,Unspecified,,,,4381768,Sedan,Station Wagon/Sport Utility Vehicle,,,
2021-01-04T00:00:00.000,16:00,QUEENS,11434.0,40.666946,-73.77707,"(40.666946, -73.77707)",,,167-10    SOUTH CONDUIT AVENUE          ,0,0,0,0,0,0,0,0,Driver Inattention/Distraction,Unspecified,,,,4381769,Station Wagon/Sport Utility Vehicle,,,,
2021-01-05T00:00:00.000,18:55,,,40.796738,-73.92925,"(40.796738, -73.92925)",FDR DRIVE                       ,,,1,0,0,0,0,0,1,0,Following Too Closely,Unspecified,Unspecified,Unspecified,,4381770,Station Wagon/Sport Utility Vehicle,Station Wagon/Sport Utility Vehicle,Station Wagon/Sport Utility Vehicle,Station Wagon/Sport Utility Vehicle,
2021-01-05T00:00:00.000,10:35,,,40.772327,-73.94531,"(40.772327, -73.94531)",FDR DRIVE                       ,,,0,0,0,0,0,0,0,0,Driver Inattention/Distraction,Unspecified,,,,4381771,Beverage Truck,Station Wagon/Sport Utility Vehicle,,,
2021-01-05T00:00:00.000,19:09,,,40.719475,-73.79263,"(40.719475, -73.79263)",,,GRAND CENTRAL PARKWAY                   ,0,0,0,0,0,0,0,0,Driver Inattention/Distraction,Unspecified,,,,4381772,Sedan,Sedan,,,
2021-01-04T00:00:00.000,10:19,,,40.694557,-73.94325,"(40.694557, -73.94325)",WILLOUGHBY AVENUE               ,,,0,0,0,0,0,0,0,0,Driver Inattention/Distraction,Unspecified,,,,4381774,Sedan,,,,
2021-01-05T00:00:00.000,17:50,,,40.769333,-73.841736,"(40.769333, -73.841736)",COLLEGE POINT BOULEVARD         ,31 AVENUE,,1,0,0,0,1,0,0,0,Failure to Yield Right-of-Way,Unspecified,,,,4381776,Station Wagon/Sport Utility Vehicle,Bike,,,
2021-01-05T00:00:00.000,17:00,QUEENS,11358.0,40.755627,-73.794754,"(40.755627, -73.794754)",45 AVENUE                       ,AUBURNDALE LANE,,0,0,0,0,0,0,0,0,Driver Inattention/Distraction,Unspecified,,,,4381777,Sedan,Sedan,,,
2021-01-05T00:00:00.000,17:53,,,40.57577,-74.16981,"(40.57577, -74.16981)",,,2873      RICHMOND AVENUE               ,1,0,1,0,0,0,0,0,Driver Inattention/Distraction,,,,,4381778,Sedan,,,,
2021-01-05T00:00:00.000,17:06,,,40.806843,-73.96715,"(40.806843, -73.96715)",RIVERSIDE DRIVE                 ,,,1,0,1,0,0,0,0,0,Failure to Yield Right-of-Way,,,,,4381779,Bike,,,,
2021-01-04T00:00:00.000,9:21,BRONX,10465.0,40.817913,-73.82179,"(40.817913, -73.82179)",,,330       BRINSMADE AVENUE              ,0,0,0,0,0,0,0,0,Driver Inattention/Distraction,Unspecified,,,,4381780,Sedan,Station Wagon/Sport Utility Vehicle,,,
2021-01-02T00:00:00.000,0:00,,,40.833206,-73.82797,"(40.833206, -73.82797)",BRUCKNER EXPRESSWAY             ,,,0,0,0,0,0,0,0,0,Unspecified,Unspecified,,,,4381781,Sedan,Sedan,,,
2021-01-04T00:00:00.000,21:30,BRONX,10461.0,40.84921,-73.83056,"(40.84921, -73.83056)",SAINT THERESA AVENUE            ,WESTCHESTER AVENUE,,1,0,0,0,0,0,1,0,Brakes Defective,Unspecified,,,,4381783,Station Wagon/Sport Utility Vehicle,Sedan,,,
2021-01-04T00:00:00.000,12:33,,,40.853245,-73.83529,"(40.853245, -73.83529)",HUTCHINSON RIVER PARKWAY        ,,,1,0,0,0,0,0,1,0,Outside Car Distraction,Unspecified,Unspecified,Unspecified,Unspecified,4381784,Station Wagon/Sport Utility Vehicle,Pick-up Truck,Station Wagon/Sport Utility Vehicle,Sedan,Station Wagon/Sport Utility Vehicle
2021-01-05T00:00:00.000,20:30,QUEENS,11422.0,40.674152,-73.72939,"(40.674152, -73.72939)",,,244-10    MERRICK BOULEVARD             ,0,0,0,0,0,0,0,0,Driver Inattention/Distraction,Unspecified,Unspecified,Unspecified,,4381785,Sedan,Sedan,Sedan,Station Wagon/Sport Utility Vehicle,
2021-01-05T00:00:00.000,0:00,QUEENS,11411.0,40.698135,-73.743965,"(40.698135, -73.743965)",,,209-04    NASHVILLE BOULEVARD           ,0,0,0,0,0,0,0,0,Unspecified,,,,,4381786,Station Wagon/Sport Utility Vehicle,,,,
2021-01-05T00:00:00.000,15:35,QUEENS,11356.0,40.77693,-73.84713,"(40.77693, -73.84713)",121 STREET                      ,25 AVENUE,,0,0,0,0,0,0,0,0,Failure to Yield Right-of-Way,,,,,4381787,Station Wagon/Sport Utility Vehicle,,,,
2021-01-05T00:00:00.000,14:46,,,40.786358,-73.794685,"(40.786358, -73.794685)",CROSS ISLAND PARKWAY            ,,,0,0,0,0,0,0,0,0,Failure to Yield Right-of-Way,Unspecified,,,,4381788,Sedan,Station Wagon/Sport Utility Vehicle,,,
2021-01-05T00:00:00.000,14:44,QUEENS,11434.0,40.68775,-73.79039,"(40.68775, -73.79039)",LINDEN BOULEVARD                ,157 STREET,,2,0,0,0,0,0,2,0,Unspecified,Unspecified,Unspecified,,,4381789,Van,Sedan,Pick-up Truck,,
2021-01-05T00:00:00.000,22:15,,,40.715763,-73.74654,"(40.715763, -73.74654)",JAMAICA AVENUE                  ,212 STREET,,0,0,0,0,0,0,0,0,Unspecified,Unspecified,,,,4381790,Sedan,Box Truck,,,
2021-01-05T00:00:00.000,14:25,QUEENS,11429.0,40.703335,-73.73783,"(40.703335, -73.73783)",,,219-29    MURDOCK AVENUE                ,0,0,0,0,0,0,0,0,Unspecified,Unspecified,,,,4381791,Station Wagon/Sport Utility Vehicle,Station Wagon/Sport Utility Vehicle,,,
2021-01-05T00:00:00.000,0:00,,,40.724495,-73.72469,"(40.724495, -73.72469)",CROSS ISLAND PARKWAY            ,,,0,0,0,0,0,0,0,0,Unspecified,Unspecified,,,,4381792,Sedan,Sedan,,,
2021-01-04T00:00:00.000,18:44,BROOKLYN,11220.0,40.64001,-74.01864,"(40.64001, -74.01864)",,,404       61 STREET                     ,0,0,0,0,0,0,0,0,Unspecified,,,,,4381793,Sedan,,,,
2021-01-05T00:00:00.000,19:50,BROOKLYN,11232.0,40.64986,-74.01972,"(40.64986, -74.01972)",51 STREET                       ,1 AVENUE,,0,0,0,0,0,0,0,0,Unspecified,Unspecified,,,,4381794,Sedan,,,,
2021-01-02T00:00:00.000,11:15,,,40.640064,-74.01557,"(40.640064, -74.01557)",59 STREET                       ,,,0,0,0,0,0,0,0,0,Driver Inattention/Distraction,Unspecified,,,,4381795,Station Wagon/Sport Utility Vehicle,Sedan,,,
2021-01-04T00:00:00.000,22:55,BROOKLYN,11220.0,40.64423,-74.014915,"(40.64423, -74.014915)",4 AVENUE                        ,54 STREET,,0,0,0,0,0,0,0,0,Driver Inattention/Distraction,Driver Inattention/Distraction,,,,4381796,Sedan,Station Wagon/Sport Utility Vehicle,,,
2021-01-05T00:00:00.000,14:25,BRONX,10454.0,40.804695,-73.92239,"(40.804695, -73.92239)",BRUCKNER BOULEVARD              ,BROWN PLACE,,1,0,1,0,0,0,0,0,Driver Inattention/Distraction,,,,,4381797,PK,,,,
2021-01-05T00:00:00.000,12:46,BRONX,10454.0,40.80584,-73.917336,"(40.80584, -73.917336)",,,570       EAST 137 STREET               ,0,0,0,0,0,0,0,0,Backing Unsafely,,,,,4381798,Station Wagon/Sport Utility Vehicle,,,,
2021-01-05T00:00:00.000,15:09,BRONX,10454.0,40.80719,-73.92431,"(40.80719, -73.92431)",EAST 135 STREET                 ,WILLIS AVENUE,,0,0,0,0,0,0,0,0,Reaction to Uninvolved Vehicle,Driver Inattention/Distraction,,,,4381799,PK,Sedan,,,
2021-01-05T00:00:00.000,16:37,BRONX,10454.0,40.809486,-73.92378,"(40.809486, -73.92378)",,,375       EAST 138 STREET               ,1,0,1,0,0,0,0,0,Unspecified,,,,,4381800,Sedan,,,,
2021-01-05T00:00:00.000,15:45,BRONX,10454.0,40.81002,-73.91347,"(40.81002, -73.91347)",,,608       SAINT MARYS STREET            ,0,0,0,0,0,0,0,0,Other Vehicular,Other Vehicular,Unspecified,,,4381801,Station Wagon/Sport Utility Vehicle,Motorcycle,Sedan,,
2021-01-05T00:00:00.000,17:32,BRONX,10456.0,40.82194,-73.90743,"(40.82194, -73.90743)",EAST 161 STREET                 ,CAULDWELL AVENUE,,0,0,0,0,0,0,0,0,Unspecified,Unspecified,,,,4381802,Sedan,,,,
2021-01-04T00:00:00.000,20:01,BRONX,10451.0,40.814297,-73.921005,"(40.814297, -73.921005)",,,2739      3 AVENUE                      ,0,0,0,0,0,0,0,0,Aggressive Driving/Road Rage,Unspecified,Unspecified,Unspecified,,4381803,Station Wagon/Sport Utility Vehicle,Sedan,Station Wagon/Sport Utility Vehicle,Station Wagon/Sport Utility Vehicle,
2021-01-05T00:00:00.000,18:35,,,40.804707,-73.91914,"(40.804707, -73.91914)",MAJOR DEEGAN EXPRESSWAY         ,,,1,0,0,0,0,0,1,0,Unspecified,Unspecified,,,,4381804,Taxi,Station Wagon/Sport Utility Vehicle,,,
2021-01-04T00:00:00.000,15:00,,,40.753788,-73.744286,"(40.753788, -73.744286)",CROSS ISLAND PARKWAY            ,,,2,0,0,0,0,0,2,0,Reaction to Uninvolved Vehicle,Unspecified,Unspecified,Unspecified,,4381805,Station Wagon/Sport Utility Vehicle,Station Wagon/Sport Utility Vehicle,Station Wagon/Sport Utility Vehicle,Station Wagon/Sport Utility Vehicle,
2021-01-05T00:00:00.000,15:00,,,40.74233,-73.83764,"(40.74233, -73.83764)",VAN WYCK EXPWY                  ,,,1,0,0,0,0,0,1,0,Following Too Closely,Unspecified,,,,4381806,Sedan,Carry All,,,
2021-01-03T00:00:00.000,14:33,BROOKLYN,11217.0,40.68627,-73.97813,"(40.68627, -73.97813)",,,300       ASHLAND PLACE                 ,1,0,0,0,0,0,1,0,Unspecified,Unspecified,,,,4381808,Sedan,Station Wagon/Sport Utility Vehicle,,,
2021-01-05T00:00:00.000,16:00,,,,,,BELT PARKWAY RAMP               ,,,0,0,0,0,0,0,0,0,Driver Inattention/Distraction,Unspecified,,,,4381809,Sedan,Station Wagon/Sport Utility Vehicle,,,
2021-01-05T00:00:00.000,17:10,BROOKLYN,11214.0,40.602646,-74.00746,"(40.602646, -74.00746)",CROPSEY AVENUE                  ,18 AVENUE,,1,0,0,0,0,0,1,0,Aggressive Driving/Road Rage,Unspecified,,,,4381810,Station Wagon/Sport Utility Vehicle,Motorcycle,,,
2021-01-03T00:00:00.000,13:00,BROOKLYN,11209.0,40.619827,-74.03126,"(40.619827, -74.03126)",,,340       91 STREET                     ,0,0,0,0,0,0,0,0,Unspecified,,,,,4381811,Station Wagon/Sport Utility Vehicle,,,,
2021-01-04T00:00:00.000,8:00,,,40.61847,-73.89746,"(40.61847, -73.89746)",BELT PARKWAY                    ,,,0,0,0,0,0,0,0,0,Following Too Closely,Following Too Closely,Unspecified,,,4381812,Station Wagon/Sport Utility Vehicle,Sedan,Station Wagon/Sport Utility Vehicle,,
2021-01-05T00:00:00.000,21:20,,,40.63082,-73.88636,"(40.63082, -73.88636)",ROCKAWAY PARKWAY                ,SHORE PARKWAY,,1,0,0,0,0,0,1,0,Unspecified,Unspecified,,,,4381813,Pick-up Truck,Sedan,,,
2021-01-03T00:00:00.000,21:30,,,40.63237,-73.88319,"(40.63237, -73.88319)",BELT PARKWAY                    ,,,0,0,0,0,0,0,0,0,Unspecified,Unspecified,,,,4381814,Station Wagon/Sport Utility Vehicle,Sedan,,,
2021-01-05T00:00:00.000,16:45,QUEENS,11366.0,40.722862,-73.80345,"(40.722862, -73.80345)",,,78-17     165 STREET                    ,0,0,0,0,0,0,0,0,,,,,,4381815,,,,,
2021-01-04T00:00:00.000,12:20,QUEENS,11375.0,40.71925,-73.845375,"(40.71925, -73.845375)",STATION SQUARE                  ,71 AVENUE,,1,0,1,0,0,0,0,0,Glare,,,,,4381816,Station Wagon/Sport Utility Vehicle,,,,
2021-01-05T00:00:00.000,19:37,BRONX,10456.0,40.823334,-73.90574,"(40.823334, -73.90574)",EAST 163 STREET                 ,TRINITY AVENUE,,1,0,0,0,0,0,1,0,Pedestrian/Bicyclist/Other Pedestrian Error/Confusion,Unspecified,,,,4381817,Station Wagon/Sport Utility Vehicle,E-BIKE,,,
2021-01-05T00:00:00.000,22:45,,,40.813255,-73.93028,"(40.813255, -73.93028)",EAST 138 STREET                 ,GRAND CONCOURSE,,0,0,0,0,0,0,0,0,Traffic Control Disregarded,Unspecified,,,,4381819,Station Wagon/Sport Utility Vehicle,Sedan,,,
2021-01-04T00:00:00.000,9:26,MANHATTAN,10065.0,40.764618,-73.96025,"(40.764618, -73.96025)",,,333       EAST 66 STREET                ,0,0,0,0,0,0,0,0,Passing Too Closely,Unspecified,,,,4381820,Van,,,,
2021-01-05T00:00:00.000,16:45,QUEENS,11414.0,40.652424,-73.83821,"(40.652424, -73.83821)",CROSS BAY BOULEVARD             ,163 AVENUE,,0,0,0,0,0,0,0,0,Passing or Lane Usage Improper,Unspecified,,,,4381822,Station Wagon/Sport Utility Vehicle,Sedan,,,
2021-01-05T00:00:00.000,9:00,,,40.70679,-73.933716,"(40.70679, -73.933716)",BOGART STREET                   ,,,0,0,0,0,0,0,0,0,Passing Too Closely,Unspecified,,,,4381823,Sedan,,,,
2021-01-05T00:00:00.000,22:30,,,,,,BELT PARKWAY                    ,,,1,0,0,0,0,0,1,0,Unsafe Speed,Unspecified,Unspecified,,,4381824,Sedan,Sedan,Sedan,,
2021-01-05T00:00:00.000,17:40,,,,,,BROADWAY STREET                 ,WHIPPLE STREET,,1,0,0,0,1,0,0,0,Passing or Lane Usage Improper,Failure to Yield Right-of-Way,,,,4381825,Bike,Sedan,,,
2021-01-04T00:00:00.000,14:30,BROOKLYN,11206.0,40.701077,-73.94043,"(40.701077, -73.94043)",FLUSHING AVENUE                 ,HUMBOLDT STREET,,0,0,0,0,0,0,0,0,Passing Too Closely,Unspecified,,,,4381826,Station Wagon/Sport Utility Vehicle,Tractor Truck Diesel,,,
2021-01-05T00:00:00.000,16:16,BRONX,10467.0,40.884396,-73.87998,"(40.884396, -73.87998)",JEROME AVENUE                   ,EAST 212 STREET,,0,0,0,0,0,0,0,0,Driver Inattention/Distraction,,,,,4381827,Tractor Truck Diesel,,,,
2021-01-04T00:00:00.000,20:31,,,40.830837,-73.9166,"(40.830837, -73.9166)",EAST 166 STREET                 ,,,1,0,0,0,0,0,1,0,Driver Inattention/Distraction,Unspecified,,,,4381828,Station Wagon/Sport Utility Vehicle,Station Wagon/Sport Utility Vehicle,,,
2021-01-02T00:00:00.000,13:00,,,,,,BROOKLYN BATTERY TUNNEL         ,,,0,0,0,0,0,0,0,0,Unsafe Lane Changing,Unspecified,,,,4381829,Sedan,Sedan,,,
2021-01-05T00:00:00.000,16:00,BRONX,10451.0,40.818558,-73.92732,"(40.818558, -73.92732)",EAST 149 STREET                 ,GRAND CONCOURSE,,0,0,0,0,0,0,0,0,Other Vehicular,Other Vehicular,,,,4381830,AMBULANCE,,,,
2021-01-05T00:00:00.000,15:25,,,40.826523,-73.93116,"(40.826523, -73.93116)",MAJOR DEEGAN EXPRESSWAY         ,,,0,0,0,0,0,0,0,0,Unsafe Lane Changing,Unspecified,,,,4381831,Station Wagon/Sport Utility Vehicle,Pick-up Truck,,,
2021-01-04T00:00:00.000,10:33,BRONX,10452.0,40.835396,-73.92031,"(40.835396, -73.92031)",EAST 167 STREET                 ,GERARD AVENUE,,0,0,0,0,0,0,0,0,Backing Unsafely,Unspecified,,,,4381832,Tractor Truck Diesel,Sedan,,,
2021-01-04T00:00:00.000,12:40,BRONX,10452.0,40.83611,-73.92238,"(40.83611, -73.92238)",EAST 167 STREET                 ,JEROME AVENUE,,0,0,0,0,0,0,0,0,Passing Too Closely,Unspecified,,,,4381833,Sedan,Tractor Truck Diesel,,,
2021-01-04T00:00:00.000,13:52,,,40.83142,-73.91831,"(40.83142, -73.91831)",SHERIDAN AVENUE                 ,,,0,0,0,0,0,0,0,0,Driver Inexperience,Driver Inexperience,,,,4381834,Station Wagon/Sport Utility Vehicle,Sedan,,,
2021-01-05T00:00:00.000,13:25,,,40.752117,-73.977684,"(40.752117, -73.977684)",EAST 42 STREET                  ,,,0,0,0,0,0,0,0,0,Other Vehicular,Backing Unsafely,,,,4381835,Station Wagon/Sport Utility Vehicle,Box Truck,,,
2021-01-05T00:00:00.000,16:40,BROOKLYN,11221.0,40.69687,-73.923035,"(40.69687, -73.923035)",CENTRAL AVENUE                  ,HIMROD STREET,,0,0,0,0,0,0,0,0,Driver Inattention/Distraction,Unspecified,Unspecified,,,4381840,Station Wagon/Sport Utility Vehicle,Sedan,Sedan,,
2021-01-06T00:00:00.000,6:00,MANHATTAN,10036.0,40.760387,-73.98933,"(40.760387, -73.98933)",,,349       WEST 46 STREET                ,1,0,0,0,0,0,1,0,Unspecified,Unspecified,,,,4381841,Sedan,Station Wagon/Sport Utility Vehicle,,,
2021-01-04T00:00:00.000,16:00,BRONX,10456.0,40.826694,-73.90765,"(40.826694, -73.90765)",3 AVENUE                        ,FRANKLIN AVENUE,,0,0,0,0,0,0,0,0,Driver Inattention/Distraction,Unspecified,Unspecified,,,4381843,Bus,Station Wagon/Sport Utility Vehicle,Sedan,,
2021-01-05T00:00:00.000,9:43,BRONX,10460.0,40.83657,-73.888245,"(40.83657, -73.888245)",,,1716      SOUTHERN BOULEVARD            ,1,0,1,0,0,0,0,0,Unspecified,,,,,4381844,Station Wagon/Sport Utility Vehicle,,,,
2021-01-02T00:00:00.000,12:00,,,40.762012,-73.911,"(40.762012, -73.911)",45 STREET                       ,,,0,0,0,0,0,0,0,0,Unspecified,,,,,4381845,Pick-up Truck,,,,
2021-01-02T00:00:00.000,11:30,,,40.772987,-73.9164,"(40.772987, -73.9164)",24 AVENUE                       ,,,0,0,0,0,0,0,0,0,Unspecified,,,,,4381846,Station Wagon/Sport Utility Vehicle,,,,
2021-01-05T00:00:00.000,13:00,QUEENS,11102.0,40.765602,-73.923546,"(40.765602, -73.923546)",30 STREET                       ,30 DRIVE,,0,0,0,0,0,0,0,0,Turning Improperly,Unspecified,,,,4381848,Sedan,,,,
2021-01-05T00:00:00.000,20:22,,,40.768887,-73.90691,"(40.768887, -73.90691)",43 STREET                       ,ASTORIA BOULEVARD,,0,0,0,0,0,0,0,0,Unspecified,Unspecified,,,,4381849,Station Wagon/Sport Utility Vehicle,Taxi,,,
2021-01-05T00:00:00.000,20:45,,,,,,Grand Central Pkwy              ,,,0,0,0,0,0,0,0,0,Unspecified,,,,,4381850,Sedan,,,,
2021-01-05T00:00:00.000,20:45,,,,,,G.C.P. / LAGUARDIA (CDR)        ,,,2,0,0,0,0,0,2,0,Unspecified,,,,,4381851,Sedan,,,,
2021-01-05T00:00:00.000,20:45,,,,,,G.C.P. / LAGUARDIA (CDR)        ,,,0,0,0,0,0,0,0,0,Unspecified,,,,,4381852,Sedan,,,,
2021-01-05T00:00:00.000,10:45,BROOKLYN,11231.0,40.683887,-73.9935,"(40.683887, -73.9935)",,,41        DOUGLASS STREET               ,0,0,0,0,0,0,0,0,Driver Inattention/Distraction,Unspecified,,,,4381853,Sedan,,,,
2021-01-04T00:00:00.000,9:20,,,40.652927,-73.959335,"(40.652927, -73.959335)",FLATBUSH AVENUE                 ,,,1,0,1,0,0,0,0,0,Failure to Yield Right-of-Way,,,,,4381854,Station Wagon/Sport Utility Vehicle,,,,
2021-01-04T00:00:00.000,19:30,BROOKLYN,11218.0,40.649162,-73.96784,"(40.649162, -73.96784)",,,10        ARGYLE ROAD                   ,0,0,0,0,0,0,0,0,Unspecified,Unspecified,,,,4381855,Pick-up Truck,Sedan,,,
2021-01-05T00:00:00.000,6:20,BROOKLYN,11226.0,40.650208,-73.959984,"(40.650208, -73.959984)",CHURCH AVENUE                   ,EAST 21 STREET,,0,0,0,0,0,0,0,0,Unspecified,,,,,4381856,Sedan,,,,
2021-01-05T00:00:00.000,11:15,BROOKLYN,11210.0,40.633995,-73.94778,"(40.633995, -73.94778)",GLENWOOD ROAD                   ,NOSTRAND AVENUE,,0,0,0,0,0,0,0,0,Unspecified,Unspecified,,,,4381857,Pick-up Truck,4 dr sedan,,,
2021-01-05T00:00:00.000,13:30,BROOKLYN,11230.0,40.617588,-73.96382,"(40.617588, -73.96382)",CONEY ISLAND AVENUE             ,AVENUE M,,0,0,0,0,0,0,0,0,Failure to Yield Right-of-Way,Unspecified,,,,4381858,Sedan,Sedan,,,
2021-01-05T00:00:00.000,17:56,BROOKLYN,11210.0,40.638428,-73.951164,"(40.638428, -73.951164)",ROGERS AVENUE                   ,FOSTER AVENUE,,2,0,0,0,0,0,2,0,Glare,Unspecified,,,,4381859,Sedan,Sedan,,,
2021-01-05T00:00:00.000,21:00,BROOKLYN,11210.0,40.638016,-73.95316,"(40.638016, -73.95316)",,,1353      FLATBUSH AVENUE               ,0,0,0,0,0,0,0,0,Unspecified,,,,,4381860,Sedan,Sedan,,,
2021-01-05T00:00:00.000,22:18,BROOKLYN,11210.0,40.631706,-73.94649,"(40.631706, -73.94649)",FLATBUSH AVENUE                 ,AVENUE H,,1,0,0,0,0,0,1,0,Driver Inattention/Distraction,Unspecified,,,,4381861,Station Wagon/Sport Utility Vehicle,,,,
2021-01-02T00:00:00.000,18:00,,,40.644512,-73.963135,"(40.644512, -73.963135)",BEVERLEY ROAD                   ,,,0,0,0,0,0,0,0,0,Pedestrian/Bicyclist/Other Pedestrian Error/Confusion,Unspecified,,,,4381862,Station Wagon/Sport Utility Vehicle,Bike,,,
2021-01-05T00:00:00.000,14:30,QUEENS,11373.0,40.741734,-73.881874,"(40.741734, -73.881874)",83 STREET                       ,45 AVENUE,,0,0,0,0,0,0,0,0,Driver Inattention/Distraction,Unspecified,,,,4381863,Sedan,Box Truck,,,
2021-01-05T00:00:00.000,21:30,BROOKLYN,11226.0,40.650414,-73.95798,"(40.650414, -73.95798)",,,2230      CHURCH AVENUE                 ,0,0,0,0,0,0,0,0,Unspecified,,,,,4381864,Sedan,,,,
2021-01-04T00:00:00.000,19:25,QUEENS,11368.0,40.737286,-73.85595,"(40.737286, -73.85595)",60 AVENUE                       ,OTIS AVENUE,,0,0,0,0,0,0,0,0,Turning Improperly,Unspecified,,,,4381865,Bus,Station Wagon/Sport Utility Vehicle,,,
2021-01-05T00:00:00.000,16:07,,,40.7509,-73.99812,"(40.7509, -73.99812)",9 AVENUE                        ,,,0,0,0,0,0,0,0,0,Unspecified,Unspecified,,,,4381866,Ambulance,Sedan,,,
2021-01-04T00:00:00.000,14:55,,,40.637154,-74.1602,"(40.637154, -74.1602)",RICHMOND TERRACE                ,HARBOR ROAD,,1,0,1,0,0,0,0,0,Traffic Control Disregarded,,,,,4381867,Sedan,,,,
2021-01-04T00:00:00.000,0:00,QUEENS,11412.0,40.70089,-73.75708,"(40.70089, -73.75708)",113 AVENUE                      ,198 STREET,,0,0,0,0,0,0,0,0,Unspecified,Unspecified,Unspecified,,,4381868,Station Wagon/Sport Utility Vehicle,Sedan,Sedan,,
2021-01-05T00:00:00.000,22:00,QUEENS,11422.0,40.677685,-73.73231,"(40.677685, -73.73231)",,,235-06    131 AVENUE                    ,3,0,0,0,0,0,3,0,Unsafe Speed,Unspecified,Unspecified,Unspecified,Unspecified,4381869,Station Wagon/Sport Utility Vehicle,Station Wagon/Sport Utility Vehicle,Sedan,Sedan,Sedan
2021-01-05T00:00:00.000,13:40,QUEENS,11433.0,40.68806,-73.79169,"(40.68806, -73.79169)",113 AVENUE                      ,156 STREET,,1,0,0,0,0,0,1,0,Aggressive Driving/Road Rage,Unspecified,,,,4381870,Sedan,Station Wagon/Sport Utility Vehicle,,,
2021-01-05T00:00:00.000,19:50,QUEENS,11412.0,40.6955,-73.747345,"(40.6955, -73.747345)",,,117-22    205 STREET                    ,1,0,0,0,0,0,1,0,Unspecified,,,,,4381871,Station Wagon/Sport Utility Vehicle,,,,
2021-01-05T00:00:00.000,0:00,BROOKLYN,11235.0,40.58308,-73.95437,"(40.58308, -73.95437)",NEPTUNE AVENUE                  ,EAST 14 STREET,,1,0,1,0,0,0,0,0,Driver Inattention/Distraction,,,,,4381873,,,,,
2021-01-05T00:00:00.000,0:00,BROOKLYN,11229.0,40.59581,-73.94204,"(40.59581, -73.94204)",AVENUE W                        ,EAST 29 STREET,,0,0,0,0,0,0,0,0,Unspecified,Unspecified,,,,4381874,Station Wagon/Sport Utility Vehicle,Sedan,,,
2021-01-05T00:00:00.000,13:28,BROOKLYN,11229.0,40.59655,-73.95211,"(40.59655, -73.95211)",,,2228      EAST 19 STREET                ,0,0,0,0,0,0,0,0,Unspecified,,,,,4381875,Sedan,,,,
2021-01-03T00:00:00.000,19:10,BROOKLYN,11219.0,40.6406,-73.99434,"(40.6406, -73.99434)",FORT HAMILTON PARKWAY           ,NEW UTRECHT AVENUE,,1,0,1,0,0,0,0,0,Failure to Yield Right-of-Way,,,,,4381876,Taxi,,,,
2021-01-04T00:00:00.000,14:30,BROOKLYN,11219.0,40.627842,-73.990814,"(40.627842, -73.990814)",,,1542      56 STREET                     ,0,0,0,0,0,0,0,0,Unspecified,Unspecified,,,,4381877,Sedan,Station Wagon/Sport Utility Vehicle,,,
2021-01-04T00:00:00.000,20:05,BROOKLYN,11219.0,40.639576,-73.998146,"(40.639576, -73.998146)",10 AVENUE                       ,48 STREET,,2,0,0,0,0,0,2,0,Unspecified,Unspecified,,,,4381878,Station Wagon/Sport Utility Vehicle,Sedan,,,
2021-01-04T00:00:00.000,19:22,BROOKLYN,11218.0,40.63555,-73.97402,"(40.63555, -73.97402)",,,669       EAST 5 STREET                 ,0,0,0,0,0,0,0,0,Unspecified,Unspecified,,,,4381879,Ambulance,Bus,,,
2021-01-05T00:00:00.000,10:48,BROOKLYN,11204.0,40.633987,-73.98133,"(40.633987, -73.98133)",,,1619      43 STREET                     ,0,0,0,0,0,0,0,0,Unspecified,Unspecified,,,,4381880,Armored Truck,Sedan,,,
2021-01-04T00:00:00.000,22:40,BROOKLYN,11232.0,40.645267,-73.99702,"(40.645267, -73.99702)",,,872       41 STREET                     ,1,0,0,0,1,0,0,0,Unspecified,Unspecified,,,,4381881,Bike,,,,
2021-01-05T00:00:00.000,13:00,BROOKLYN,11220.0,40.640347,-74.00093,"(40.640347, -74.00093)",49 STREET                       ,9 AVENUE,,0,0,0,0,0,0,0,0,Unspecified,Unspecified,,,,4381882,Station Wagon/Sport Utility Vehicle,Station Wagon/Sport Utility Vehicle,,,
2021-01-05T00:00:00.000,13:18,BROOKLYN,11205.0,40.690796,-73.95637,"(40.690796, -73.95637)",DE KALB AVENUE                  ,SKILLMAN STREET,,0,0,0,0,0,0,0,0,Failure to Yield Right-of-Way,Following Too Closely,,,,4381883,Box Truck,Sedan,,,
2021-01-05T00:00:00.000,16:45,STATEN ISLAND,10306.0,40.562195,-74.12305,"(40.562195, -74.12305)",GUYON AVENUE                    ,ELMIRA STREET,,0,0,0,0,0,0,0,0,Backing Unsafely,,,,,4381885,Sedan,,,,
2021-01-06T00:00:00.000,7:30,,,,,,BRIELLE AVENUE                  ,BRADLEY AVENUE,,1,0,0,0,0,0,1,0,Pavement Slippery,,,,,4381886,Pick-up Truck,,,,
2021-01-05T00:00:00.000,11:45,BRONX,10462.0,40.848602,-73.8612,"(40.848602, -73.8612)",BRONXDALE AVENUE                ,RHINELANDER AVENUE,,0,0,0,0,0,0,0,0,Other Vehicular,Obstruction/Debris,,,,4381887,Station Wagon/Sport Utility Vehicle,Flat Bed,,,
2021-01-05T00:00:00.000,15:30,STATEN ISLAND,10306.0,40.566658,-74.113594,"(40.566658, -74.113594)",,,2690      HYLAN BOULEVARD               ,0,0,0,0,0,0,0,0,Following Too Closely,Unspecified,,,,4381888,Sedan,Sedan,,,
2021-01-04T00:00:00.000,14:25,,,,,,VERRAZANO BRIDGE LOWER          ,,,0,0,0,0,0,0,0,0,Unsafe Speed,Unspecified,Unspecified,,,4381889,Station Wagon/Sport Utility Vehicle,Box Truck,Sedan,,
2021-01-06T00:00:00.000,0:30,BRONX,10462.0,40.85634,-73.86195,"(40.85634, -73.86195)",,,2195      MULINER AVENUE                ,0,0,0,0,0,0,0,0,Other Vehicular,Unspecified,,,,4381890,Sedan,,,,
2021-01-06T00:00:00.000,7:49,QUEENS,11106.0,40.761223,-73.9238,"(40.761223, -73.9238)",33 STREET                       ,BROADWAY,,0,0,0,0,0,0,0,0,Unspecified,Unspecified,,,,4381891,Station Wagon/Sport Utility Vehicle,Sedan,,,
2021-01-04T00:00:00.000,6:00,,,40.84103,-73.94463,"(40.84103, -73.94463)",WEST 165 STREET                 ,,,0,0,0,0,0,0,0,0,Passing Too Closely,Unspecified,,,,4381892,Station Wagon/Sport Utility Vehicle,,,,
2021-01-05T00:00:00.000,17:10,MANHATTAN,10032.0,40.84123,-73.940155,"(40.84123, -73.940155)",,,600       WEST 168 STREET               ,0,0,0,0,0,0,0,0,Backing Unsafely,Unspecified,,,,4381893,Ambulance,EMS,,,
2021-01-06T00:00:00.000,9:00,MANHATTAN,10001.0,40.7533,-73.99402,"(40.7533, -73.99402)",,,331       WEST 35 STREET                ,0,0,0,0,0,0,0,0,Passing or Lane Usage Improper,Driver Inattention/Distraction,,,,4381894,Van,Flat Bed,,,
2021-01-04T00:00:00.000,23:30,MANHATTAN,10032.0,40.838497,-73.939835,"(40.838497, -73.939835)",WEST 165 STREET                 ,SAINT NICHOLAS AVENUE,,0,0,0,0,0,0,0,0,Unspecified,,,,,4381895,Sedan,,,,
2021-01-05T00:00:00.000,18:33,,,40.844048,-73.94115,"(40.844048, -73.94115)",FORT WASHINGTON AVENUE          ,,,1,0,0,0,1,0,0,0,Traffic Control Disregarded,Unspecified,,,,4381896,Taxi,E-Bike,,,
2021-01-05T00:00:00.000,17:35,BROOKLYN,11203.0,40.655563,-73.94144,"(40.655563, -73.94144)",,,80        EAST 39 STREET                ,1,0,1,0,0,0,0,0,Driver Inattention/Distraction,,,,,4381897,Sedan,,,,
2021-01-05T00:00:00.000,0:26,BROOKLYN,11203.0,40.644073,-73.935394,"(40.644073, -73.935394)",TROY AVENUE                     ,CLARENDON ROAD,,0,0,0,0,0,0,0,0,Animals Action,Unspecified,,,,4381898,Sedan,Sedan,,,
2021-01-06T00:00:00.000,9:30,STATEN ISLAND,10305.0,40.584106,-74.08723,"(40.584106, -74.08723)",,,475       SEAVIEW AVENUE                ,0,0,0,0,0,0,0,0,Passing or Lane Usage Improper,Unspecified,,,,4381900,,,,,
2021-01-05T00:00:00.000,14:00,BROOKLYN,11201.0,40.698444,-73.98497,"(40.698444, -73.98497)",NASSAU STREET                   ,BRIDGE STREET,,0,0,0,0,0,0,0,0,Passing Too Closely,Unspecified,,,,4381901,Sedan,,,,
2021-01-06T00:00:00.000,8:02,,,,,,VALENTINE AVENUE                ,,,0,0,0,0,0,0,0,0,Driver Inattention/Distraction,Unspecified,,,,4381902,Station Wagon/Sport Utility Vehicle,Station Wagon/Sport Utility Vehicle,,,
2021-01-05T00:00:00.000,13:34,,,40.691177,-73.99507,"(40.691177, -73.99507)",SIDNEY PLACE                    ,,,0,0,0,0,0,0,0,0,Turning Improperly,Unspecified,,,,4381903,Box Truck,Sedan,,,
2021-01-05T00:00:00.000,16:40,BROOKLYN,11234.0,40.620914,-73.934204,"(40.620914, -73.934204)",,,4228      AVENUE M                      ,0,0,0,0,0,0,0,0,Unspecified,,,,,4381904,Station Wagon/Sport Utility Vehicle,,,,
2021-01-05T00:00:00.000,23:37,,,40.700836,-73.99495,"(40.700836, -73.99495)",BROOKLYN QUEENS EXPRESSWAY      ,,,0,0,0,0,0,0,0,0,Passing Too Closely,Unspecified,,,,4381905,Station Wagon/Sport Utility Vehicle,,,,
2021-01-05T00:00:00.000,19:10,,,40.593163,-73.9086,"(40.593163, -73.9086)",BELT PARKWAY                    ,,,0,0,0,0,0,0,0,0,Unsafe Lane Changing,Driver Inattention/Distraction,,,,4381906,Station Wagon/Sport Utility Vehicle,Station Wagon/Sport Utility Vehicle,,,
2021-01-02T00:00:00.000,19:05,BROOKLYN,11234.0,40.62637,-73.914505,"(40.62637, -73.914505)",AVENUE L                        ,EAST 72 STREET,,0,0,0,0,0,0,0,0,Unspecified,Unspecified,,,,4381907,Station Wagon/Sport Utility Vehicle,FDNY,,,
2021-01-05T00:00:00.000,22:50,BROOKLYN,11234.0,40.62356,-73.927376,"(40.62356, -73.927376)",UTICA AVENUE                    ,AVENUE L,,3,0,0,0,0,0,3,0,Unspecified,,,,,4381908,Sedan,,,,
2021-01-05T00:00:00.000,15:00,,,,,,BROOKLYN BRIDGE                 ,,,0,0,0,0,0,0,0,0,Unsafe Lane Changing,Unspecified,,,,4381909,Sedan,Sedan,,,
2021-01-02T00:00:00.000,22:46,STATEN ISLAND,10301.0,40.613552,-74.10069,"(40.613552, -74.10069)",CLOVE ROAD                      ,OSWEGO STREET,,0,0,0,0,0,0,0,0,Driver Inattention/Distraction,Unspecified,Unspecified,,,4381911,Sedan,Sedan,Sedan,,
2021-01-05T00:00:00.000,18:47,BRONX,10458.0,40.861107,-73.89028,"(40.861107, -73.89028)",EAST FORDHAM ROAD               ,3 AVENUE,,0,0,0,0,0,0,0,0,Passing or Lane Usage Improper,Driver Inattention/Distraction,,,,4381912,Sedan,Station Wagon/Sport Utility Vehicle,,,
2021-01-05T00:00:00.000,15:54,MANHATTAN,10037.0,40.80915,-73.93606,"(40.80915, -73.93606)",,,1947      PARK AVENUE                   ,0,0,0,0,0,0,0,0,Unspecified,,,,,4381913,Sedan,,,,
2021-01-04T00:00:00.000,22:25,BRONX,10460.0,40.845985,-73.884476,"(40.845985, -73.884476)",EAST 180 STREET                 ,SOUTHERN BOULEVARD,,1,0,0,0,0,0,1,0,Failure to Yield Right-of-Way,Unspecified,,,,4381914,Bus,Sedan,,,
2021-01-01T00:00:00.000,10:10,BRONX,10460.0,40.845177,-73.88832,"(40.845177, -73.88832)",PROSPECT AVENUE                 ,EAST 178 STREET,,0,0,0,0,0,0,0,0,Traffic Control Disregarded,Unspecified,,,,4381915,Sedan,Sedan,,,
2021-01-02T00:00:00.000,4:00,BRONX,10460.0,,,,,,1290      RODMAN PLACE                  ,0,0,0,0,0,0,0,0,Backing Unsafely,Unspecified,,,,4381916,Sedan,Station Wagon/Sport Utility Vehicle,,,
2021-01-04T00:00:00.000,14:10,MANHATTAN,10011.0,40.73865,-73.99395,"(40.73865, -73.99395)",,,55        WEST 17 STREET                ,0,0,0,0,0,0,0,0,Following Too Closely,Unspecified,,,,4381918,Station Wagon/Sport Utility Vehicle,Station Wagon/Sport Utility Vehicle,,,
2021-01-06T00:00:00.000,9:23,MANHATTAN,10007.0,40.713253,-74.00926,"(40.713253, -74.00926)",CHURCH STREET                   ,PARK PLACE,,0,0,0,0,0,0,0,0,Passing Too Closely,Unspecified,,,,4381919,Box Truck,,,,
2021-01-06T00:00:00.000,10:00,MANHATTAN,10038.0,40.70966,-74.00484,"(40.70966, -74.00484)",GOLD STREET                     ,BEEKMAN STREET,,0,0,0,0,0,0,0,0,Unspecified,Unspecified,,,,4381920,Ambulance,Box Truck,,,
2021-01-05T00:00:00.000,17:57,BROOKLYN,11208.0,40.676502,-73.869316,"(40.676502, -73.869316)",,,515       HEMLOCK STREET                ,0,0,0,0,0,0,0,0,Passing Too Closely,Other Vehicular,,,,4381921,Box Truck,Station Wagon/Sport Utility Vehicle,,,
2021-01-05T00:00:00.000,23:10,,,40.678276,-73.89744,"(40.678276, -73.89744)",JACKIE ROBINSON PKWY            ,,,1,0,0,0,0,0,1,0,Unsafe Speed,Unspecified,Unspecified,,,4381922,Sedan,Station Wagon/Sport Utility Vehicle,Station Wagon/Sport Utility Vehicle,,
2021-01-06T00:00:00.000,6:44,BROOKLYN,11208.0,40.67667,-73.87224,"(40.67667, -73.87224)",EUCLID AVENUE                   ,GLENMORE AVENUE,,0,0,0,0,0,0,0,0,Other Vehicular,Other Vehicular,Other Vehicular,Unspecified,,4381923,Sedan,Sedan,Sedan,Sedan,
2021-01-05T00:00:00.000,13:35,BROOKLYN,11207.0,40.67734,-73.89909,"(40.67734, -73.89909)",,,1         JAMAICA AVENUE                ,0,0,0,0,0,0,0,0,Unspecified,Unspecified,,,,4381924,Bus,Sedan,,,
2021-01-06T00:00:00.000,8:30,BROOKLYN,11207.0,40.6741,-73.90223,"(40.6741, -73.90223)",,,68        SNEDIKER AVENUE               ,0,0,0,0,0,0,0,0,Backing Unsafely,Unspecified,,,,4381925,Bus,Sedan,,,
2021-01-06T00:00:00.000,8:58,BROOKLYN,11208.0,40.675404,-73.87192,"(40.675404, -73.87192)",PITKIN AVENUE                   ,EUCLID AVENUE,,0,0,0,0,0,0,0,0,View Obstructed/Limited,Unspecified,,,,4381926,Station Wagon/Sport Utility Vehicle,Sedan,,,
2021-01-06T00:00:00.000,9:50,BROOKLYN,11235.0,40.590294,-73.952866,"(40.590294, -73.952866)",EAST 17 STREET                  ,AVENUE Y,,1,0,1,0,0,0,0,0,Driver Inattention/Distraction,,,,,4381927,Station Wagon/Sport Utility Vehicle,,,,
2021-01-06T00:00:00.000,9:00,BROOKLYN,11207.0,40.652752,-73.88629,"(40.652752, -73.88629)",FLATLANDS AVENUE                ,PENNSYLVANIA AVENUE,,1,0,0,0,0,0,1,0,Unspecified,Unspecified,,,,4381929,Sedan,Station Wagon/Sport Utility Vehicle,,,
2021-01-07T00:00:00.000,11:10,STATEN ISLAND,10305.0,40.601345,-74.06635,"(40.601345, -74.06635)",HASTINGS STREET                 ,NARROWS ROAD SOUTH,,0,0,0,0,0,0,0,0,Driver Inattention/Distraction,Unspecified,,,,4381930,Sedan,Station Wagon/Sport Utility Vehicle,,,
2021-01-04T00:00:00.000,17:00,BROOKLYN,11212.0,40.659203,-73.909996,"(40.659203, -73.909996)",NEWPORT STREET                  ,BRISTOL STREET,,0,0,0,0,0,0,0,0,Other Vehicular,,,,,4381931,Station Wagon/Sport Utility Vehicle,,,,
2021-01-05T00:00:00.000,19:23,BROOKLYN,11233.0,40.669476,-73.919975,"(40.669476, -73.919975)",EASTERN PARKWAY                 ,HOWARD AVENUE,,0,0,0,0,0,0,0,0,Unspecified,Unspecified,,,,4381932,Station Wagon/Sport Utility Vehicle,Sedan,,,
2021-01-06T00:00:00.000,11:56,BROOKLYN,11212.0,40.663174,-73.911,"(40.663174, -73.911)",,,325       BRISTOL STREET                ,0,0,0,0,0,0,0,0,Unspecified,,,,,4381933,Sedan,,,,
2021-01-05T00:00:00.000,17:37,,,,,,VERRAZANO BRIDGE UPPER          ,,,0,0,0,0,0,0,0,0,Unspecified,Unspecified,,,,4381934,Sedan,Sedan,,,
2021-01-05T00:00:00.000,16:20,,,40.805782,-73.95066,"(40.805782, -73.95066)",WEST 120 STREET                 ,,,0,0,0,0,0,0,0,0,Passing Too Closely,Unspecified,,,,4381935,Box Truck,Station Wagon/Sport Utility Vehicle,,,
2021-01-04T00:00:00.000,19:44,BROOKLYN,11209.0,40.633724,-74.02389,"(40.633724, -74.02389)",OVINGTON AVENUE                 ,4 AVENUE,,1,0,0,0,0,0,1,0,Unspecified,Unspecified,,,,4381936,Sedan,Sedan,,,
2021-01-06T00:00:00.000,8:10,BROOKLYN,11201.0,40.70191,-73.9812,"(40.70191, -73.9812)",NAVY STREET                     ,HUDSON AVENUE,,0,0,0,0,0,0,0,0,Passing Too Closely,Unspecified,,,,4381937,Tow Truck / Wrecker,Sedan,,,
2021-01-06T00:00:00.000,11:00,BRONX,10467.0,40.863213,-73.86743,"(40.863213, -73.86743)",WHITE PLAINS ROAD               ,MACE AVENUE,,0,0,0,0,0,0,0,0,Turning Improperly,Failure to Yield Right-of-Way,,,,4381938,Station Wagon/Sport Utility Vehicle,Moped,,,
2021-01-04T00:00:00.000,20:25,,,40.82579,-73.941055,"(40.82579, -73.941055)",BRADHURST AVENUE                ,,,0,0,0,0,0,0,0,0,Backing Unsafely,Unspecified,,,,4381939,Sedan,,,,
2021-01-06T00:00:00.000,9:00,,,40.5878,-74.16564,"(40.5878, -74.16564)",,,80        RICHMOND HILL ROAD            ,0,0,0,0,0,0,0,0,Backing Unsafely,Unspecified,,,,4381940,Motorcycle,,,,
2021-01-05T00:00:00.000,17:15,,,,,,FEATHERBED LANE                 ,,,1,0,0,0,1,0,0,0,Driver Inattention/Distraction,Driver Inattention/Distraction,,,,4381941,Station Wagon/Sport Utility Vehicle,E-Scooter,,,
2021-01-05T00:00:00.000,15:50,BRONX,10457.0,40.853138,-73.9017,"(40.853138, -73.9017)",EAST 180 STREET                 ,ANTHONY AVENUE,,2,0,0,0,0,0,2,0,Traffic Control Disregarded,Unspecified,,,,4381942,Station Wagon/Sport Utility Vehicle,Station Wagon/Sport Utility Vehicle,,,
2021-01-04T00:00:00.000,17:55,,,,,,VERRAZANO BRIDGE LOWER          ,,,0,0,0,0,0,0,0,0,Following Too Closely,Unspecified,,,,4381943,Sedan,Sedan,,,
2021-01-06T00:00:00.000,7:30,QUEENS,11354.0,40.77279,-73.837135,"(40.77279, -73.837135)",ULMER STREET                    ,28 AVENUE,,0,0,0,0,0,0,0,0,Turning Improperly,Unspecified,,,,4381944,Station Wagon/Sport Utility Vehicle,Station Wagon/Sport Utility Vehicle,,,
2021-01-05T00:00:00.000,21:15,,,40.857105,-73.90936,"(40.857105, -73.90936)",UNIVERSITY AVENUE               ,,,0,0,0,0,0,0,0,0,Driver Inattention/Distraction,Unspecified,,,,4381945,Sedan,Station Wagon/Sport Utility Vehicle,,,
2021-01-06T00:00:00.000,12:01,MANHATTAN,10019.0,40.76735,-73.98436,"(40.76735, -73.98436)",,,353       WEST 57 STREET                ,0,0,0,0,0,0,0,0,Unsafe Lane Changing,Unspecified,,,,4381946,Dump,Sedan,,,
2021-01-05T00:00:00.000,22:30,QUEENS,11432.0,40.70383,-73.800514,"(40.70383, -73.800514)",,,90-42     PARSONS BOULEVARD             ,1,0,0,0,1,0,0,0,Driver Inexperience,Failure to Yield Right-of-Way,,,,4381948,E-Bike,Sedan,,,
2021-01-05T00:00:00.000,15:30,QUEENS,11432.0,40.70715,-73.79299,"(40.70715, -73.79299)",91 AVENUE                       ,168 STREET,,0,0,0,0,0,0,0,0,Turning Improperly,Unspecified,,,,4381949,Box Truck,Sedan,,,
2021-01-06T00:00:00.000,8:50,,,,,,VANWYCK EXPRESSWAY              ,LIBERTY AVENUE,,0,0,0,0,0,0,0,0,Following Too Closely,Unspecified,,,,4381950,Sedan,Van,,,
2021-01-05T00:00:00.000,10:21,QUEENS,11432.0,40.71018,-73.78338,"(40.71018, -73.78338)",,,90-18     179 STREET                    ,0,0,0,0,0,0,0,0,Unspecified,,,,,4381951,Sedan,Station Wagon/Sport Utility Vehicle,,,
2021-01-05T00:00:00.000,19:15,BRONX,10468.0,40.857418,-73.899956,"(40.857418, -73.899956)",GRAND CONCOURSE                 ,EAST 183 STREET,,0,0,0,0,0,0,0,0,Backing Unsafely,Unspecified,,,,4381952,Sedan,Station Wagon/Sport Utility Vehicle,,,
2021-01-05T00:00:00.000,0:00,MANHATTAN,10026.0,40.80101,-73.947266,"(40.80101, -73.947266)",,,15        WEST 116 STREET               ,0,0,0,0,0,0,0,0,Turning Improperly,Unspecified,,,,4381954,Sedan,Sedan,,,
2021-01-06T00:00:00.000,10:35,BROOKLYN,11217.0,40.681572,-73.98136,"(40.681572, -73.98136)",,,579       WARREN STREET                 ,0,0,0,0,0,0,0,0,Driver Inattention/Distraction,Unspecified,,,,4381955,Sedan,Station Wagon/Sport Utility Vehicle,,,
2021-01-06T00:00:00.000,9:50,BROOKLYN,11205.0,40.69802,-73.97499,"(40.69802, -73.97499)",,,63        FLUSHING AVENUE               ,0,0,0,0,0,0,0,0,Driver Inattention/Distraction,Unspecified,,,,4381956,Flat Bed,Sedan,,,
2021-01-05T00:00:00.000,9:42,,,40.82815,-73.93491,"(40.82815, -73.93491)",WEST 155 STREET                 ,,,0,0,0,0,0,0,0,0,Other Vehicular,Passing Too Closely,,,,4381957,Bus,Taxi,,,
2021-01-04T00:00:00.000,19:03,BRONX,10471.0,40.906136,-73.90431,"(40.906136, -73.90431)",,,5665      RIVERDALE AVENUE              ,1,0,1,0,0,0,0,0,Unspecified,,,,,4381958,Station Wagon/Sport Utility Vehicle,,,,
2021-01-05T00:00:00.000,19:05,,,40.82154,-73.94287,"(40.82154, -73.94287)",WEST 143 STREET                 ,,,1,0,1,0,0,0,0,0,Failure to Yield Right-of-Way,,,,,4381959,Station Wagon/Sport Utility Vehicle,,,,
2021-01-06T00:00:00.000,12:10,QUEENS,11355.0,40.75667,-73.828804,"(40.75667, -73.828804)",MAIN STREET                     ,SANFORD AVENUE,,1,0,0,0,1,0,0,0,Turning Improperly,Unspecified,,,,4381960,Station Wagon/Sport Utility Vehicle,E-Scooter,,,
2021-01-04T00:00:00.000,9:10,BROOKLYN,11204.0,40.61212,-73.98323,"(40.61212, -73.98323)",BAY PARKWAY                     ,68 STREET,,0,0,0,0,0,0,0,0,Backing Unsafely,Unspecified,,,,4381961,Station Wagon/Sport Utility Vehicle,Bus,,,
2021-01-01T00:00:00.000,0:00,,,40.834198,-73.85169,"(40.834198, -73.85169)",WESTCHESTER AVENUE              ,,,1,0,1,0,0,0,0,0,Unspecified,,,,,4381962,Sedan,,,,
2021-01-06T00:00:00.000,6:50,MANHATTAN,10026.0,40.803104,-73.95825,"(40.803104, -73.95825)",MANHATTAN AVENUE                ,WEST 113 STREET,,0,0,0,0,0,0,0,0,Traffic Control Disregarded,Unspecified,,,,4381963,Sedan,,,,
2021-01-04T00:00:00.000,13:58,BROOKLYN,11214.0,40.602535,-73.99321,"(40.602535, -73.99321)",BAY PARKWAY                     ,85 STREET,,0,0,0,0,0,0,0,0,Driver Inattention/Distraction,Unspecified,,,,4381964,Station Wagon/Sport Utility Vehicle,Sedan,,,
2021-01-06T00:00:00.000,11:30,,,40.666534,-73.80995,"(40.666534, -73.80995)",BELT PARKWAY                    ,,,0,0,0,0,0,0,0,0,Driver Inattention/Distraction,Unspecified,Unspecified,,,4381965,Station Wagon/Sport Utility Vehicle,Sedan,Chassis Cab,,
2021-01-03T00:00:00.000,21:08,BRONX,10471.0,40.900288,-73.89704,"(40.900288, -73.89704)",BROADWAY                        ,HUDSON PARKWAY,,0,0,0,0,0,0,0,0,Unspecified,Unspecified,,,,4381966,Sedan,Station Wagon/Sport Utility Vehicle,,,
2021-01-04T00:00:00.000,10:12,BRONX,10463.0,40.884693,-73.897026,"(40.884693, -73.897026)",,,3832      BAILEY AVENUE                 ,0,0,0,0,0,0,0,0,Unspecified,Unspecified,,,,4381967,Station Wagon/Sport Utility Vehicle,,,,
2021-01-06T00:00:00.000,1:36,BROOKLYN,11205.0,40.69257,-73.96672,"(40.69257, -73.96672)",,,205       WASHINGTON AVENUE             ,0,0,0,0,0,0,0,0,Alcohol Involvement,Unspecified,,,,4381968,Station Wagon/Sport Utility Vehicle,Station Wagon/Sport Utility Vehicle,,,
2021-01-05T00:00:00.000,20:10,,,,,,PATTERSON AVENUE                ,DEAD END,,1,0,0,0,0,0,1,0,Unspecified,,,,,4381969,Station Wagon/Sport Utility Vehicle,,,,
2021-01-06T00:00:00.000,11:30,BROOKLYN,11205.0,40.692436,-73.96768,"(40.692436, -73.96768)",,,183       WAVERLY AVENUE                ,0,0,0,0,0,0,0,0,Unspecified,,,,,4381970,Station Wagon/Sport Utility Vehicle,,,,
2021-01-06T00:00:00.000,11:30,BROOKLYN,11222.0,40.72153,-73.94647,"(40.72153, -73.94647)",,,103       ENGERT AVENUE                 ,0,0,0,0,0,0,0,0,Driver Inattention/Distraction,Other Vehicular,,,,4381971,Station Wagon/Sport Utility Vehicle,Station Wagon/Sport Utility Vehicle,,,
2021-01-06T00:00:00.000,12:07,BROOKLYN,11214.0,40.602535,-73.99321,"(40.602535, -73.99321)",BAY PARKWAY                     ,85 STREET,,0,0,0,0,0,0,0,0,Passing or Lane Usage Improper,Failure to Yield Right-of-Way,,,,4381972,Station Wagon/Sport Utility Vehicle,Station Wagon/Sport Utility Vehicle,,,
2021-01-03T00:00:00.000,19:35,BRONX,10467.0,40.874313,-73.868164,"(40.874313, -73.868164)",,,3352      OLINVILLE AVENUE              ,0,0,0,0,0,0,0,0,Driver Inattention/Distraction,Unspecified,,,,4381974,Station Wagon/Sport Utility Vehicle,Station Wagon/Sport Utility Vehicle,,,
2021-01-06T00:00:00.000,11:26,BROOKLYN,11209.0,40.620552,-74.02929,"(40.620552, -74.02929)",,,8910      4 AVENUE                      ,0,0,0,0,0,0,0,0,Unsafe Lane Changing,Unspecified,,,,4381978,Sedan,,,,
2021-01-06T00:00:00.000,13:00,BROOKLYN,11209.0,40.617443,-74.028404,"(40.617443, -74.028404)",92 STREET                       ,GELSTON AVENUE,,1,0,0,0,0,0,1,0,Following Too Closely,Unspecified,Unspecified,,,4381979,Sedan,Pick-up Truck,Pick-up Truck,,
2021-01-06T00:00:00.000,9:41,BRONX,10462.0,40.854427,-73.8635,"(40.854427, -73.8635)",,,809       LYDIG AVENUE                  ,0,0,0,0,0,0,0,0,Passing Too Closely,Unspecified,,,,4381980,Sedan,Box Truck,,,
2021-01-06T00:00:00.000,6:46,BROOKLYN,11220.0,40.64554,-74.01708,"(40.64554, -74.01708)",3 AVENUE                        ,54 STREET,,0,0,0,0,0,0,0,0,Unspecified,Unspecified,,,,4381981,Station Wagon/Sport Utility Vehicle,Station Wagon/Sport Utility Vehicle,,,
2021-01-04T00:00:00.000,19:09,,,40.68969,-73.933395,"(40.68969, -73.933395)",LEXINGTON AVENUE                ,,,0,0,0,0,0,0,0,0,Driver Inattention/Distraction,Unspecified,,,,4381982,Sedan,Station Wagon/Sport Utility Vehicle,,,
2021-01-06T00:00:00.000,12:10,,,40.73181,-73.84351,"(40.73181, -73.84351)",66 AVENUE                       ,,,1,0,1,0,0,0,0,0,Backing Unsafely,,,,,4381983,Sedan,,,,
2021-01-06T00:00:00.000,12:15,BRONX,10466.0,40.89132,-73.86105,"(40.89132, -73.86105)",,,639       EAST 229 STREET               ,0,0,0,0,0,0,0,0,Unspecified,,,,,4381984,Sedan,,,,
2021-01-06T00:00:00.000,14:40,STATEN ISLAND,10306.0,40.566944,-74.12777,"(40.566944, -74.12777)",AMBOY ROAD                      ,WOLVERINE STREET,,0,0,0,0,0,0,0,0,Passing or Lane Usage Improper,Unspecified,,,,4381985,Sedan,Station Wagon/Sport Utility Vehicle,,,
2021-01-02T00:00:00.000,15:00,MANHATTAN,10128.0,40.785866,-73.950935,"(40.785866, -73.950935)",EAST 96 STREET                  ,LEXINGTON AVENUE,,0,0,0,0,0,0,0,0,Failure to Yield Right-of-Way,,,,,4381986,,,,,
2021-01-06T00:00:00.000,12:49,BRONX,10459.0,40.816196,-73.896,"(40.816196, -73.896)",,,1035      LONGWOOD AVENUE               ,0,0,0,0,0,0,0,0,Unspecified,,,,,4381987,Sedan,,,,
2021-01-06T00:00:00.000,11:33,,,40.743477,-73.73286,"(40.743477, -73.73286)",GRAND CENTRAL PKWY              ,,,0,0,0,0,0,0,0,0,Unsafe Lane Changing,,,,,4381988,Sedan,,,,
2021-01-06T00:00:00.000,12:54,,,40.876976,-73.88966,"(40.876976, -73.88966)",PAUL AVENUE                     ,,,1,0,0,0,0,0,1,0,Turning Improperly,Unspecified,,,,4381989,Station Wagon/Sport Utility Vehicle,Station Wagon/Sport Utility Vehicle,,,
2021-01-06T00:00:00.000,11:50,BRONX,10462.0,40.847,-73.85871,"(40.847, -73.85871)",MORRIS PARK AVENUE              ,FOWLER AVENUE,,3,0,0,0,0,0,3,0,Driver Inattention/Distraction,Unspecified,,,,4381991,Sedan,Station Wagon/Sport Utility Vehicle,,,
2021-01-06T00:00:00.000,14:40,,,,,,103 STREET                      ,ASTORIA BOULEVARD,,0,0,0,0,0,0,0,0,Unspecified,,,,,4381992,Sedan,,,,
2021-01-06T00:00:00.000,11:28,,,,,,BELT PARKWAY                    ,,,2,0,0,0,0,0,2,0,Unsafe Lane Changing,Unspecified,,,,4381993,Sedan,Station Wagon/Sport Utility Vehicle,,,
2021-01-06T00:00:00.000,12:15,QUEENS,11377.0,40.756058,-73.8989,"(40.756058, -73.8989)",,,32-10     68 STREET                     ,0,0,0,0,0,0,0,0,Backing Unsafely,Unspecified,Unspecified,,,4381994,Sedan,Sedan,Sedan,,
2021-01-05T00:00:00.000,12:35,BROOKLYN,11206.0,40.69929,-73.941315,"(40.69929, -73.941315)",MARCUS GARVEY BOULEVARD         ,ELLERY STREET,,1,0,0,0,0,0,1,0,Driver Inattention/Distraction,Driver Inattention/Distraction,,,,4381995,Flat Bed,Station Wagon/Sport Utility Vehicle,,,
2021-01-06T00:00:00.000,13:14,,,40.792362,-73.96418,"(40.792362, -73.96418)",WEST 97 STREET                  ,,,1,0,0,0,1,0,0,0,Driver Inattention/Distraction,Unspecified,,,,4381996,Station Wagon/Sport Utility Vehicle,Bike,,,
2021-01-06T00:00:00.000,14:10,,,40.790184,-73.97691,"(40.790184, -73.97691)",WEST 88 STREET                  ,,,0,0,0,0,0,0,0,0,Passing Too Closely,Unspecified,,,,4381997,Sedan,Box Truck,,,
2021-01-02T00:00:00.000,15:40,QUEENS,11412.0,40.69041,-73.75557,"(40.69041, -73.75557)",119 AVENUE                      ,195 STREET,,0,0,0,0,0,0,0,0,Alcohol Involvement,Unspecified,,,,4381998,Sedan,Sedan,,,
2021-01-05T00:00:00.000,18:55,MANHATTAN,10039.0,40.82376,-73.94126,"(40.82376, -73.94126)",,,2749      8 AVENUE                      ,0,0,0,0,0,0,0,0,Passing or Lane Usage Improper,Unspecified,,,,4381999,Sedan,Station Wagon/Sport Utility Vehicle,,,
2021-01-05T00:00:00.000,17:56,BROOKLYN,11236.0,40.639736,-73.906746,"(40.639736, -73.906746)",FLATLANDS AVENUE                ,EAST 89 STREET,,1,0,1,0,0,0,0,0,Failure to Yield Right-of-Way,,,,,4382000,Station Wagon/Sport Utility Vehicle,,,,
2021-01-05T00:00:00.000,19:30,,,40.68488,-73.92311,"(40.68488, -73.92311)",HALSEY STREET                   ,,,0,0,0,0,0,0,0,0,Turning Improperly,Unspecified,,,,4382001,Sedan,Sedan,,,
2021-01-05T00:00:00.000,16:59,,,40.68488,-73.92311,"(40.68488, -73.92311)",RALPH AVENUE                    ,,,2,0,0,0,0,0,2,0,Unspecified,,,,,4382002,Box Truck,,,,
2021-01-06T00:00:00.000,14:29,,,40.72025,-73.834305,"(40.72025, -73.834305)",GRAND CENTRAL PKWY              ,,,0,0,0,0,0,0,0,0,Following Too Closely,Unspecified,,,,4382003,Pick-up Truck,Sedan,,,
2021-01-01T00:00:00.000,16:00,BROOKLYN,11213.0,40.679035,-73.938515,"(40.679035, -73.938515)",ALBANY AVENUE                   ,HERKIMER STREET,,2,0,0,0,0,0,2,0,Traffic Control Disregarded,Unspecified,,,,4382005,Sedan,Sedan,,,
2021-01-06T00:00:00.000,9:00,BRONX,10465.0,40.82378,-73.836426,"(40.82378, -73.836426)",,,815       HUTCHINSON RIVER PARKWAY      ,0,0,0,0,0,0,0,0,Unspecified,Unspecified,,,,4382007,Sedan,Pick-up Truck,,,
2021-01-02T00:00:00.000,0:00,,,40.809574,-73.96805,"(40.809574, -73.96805)",HENRY HUDSON PARKWAY            ,,,0,0,0,0,0,0,0,0,Unsafe Speed,Unspecified,,,,4382008,Station Wagon/Sport Utility Vehicle,Pick-up Truck,,,
2021-01-06T00:00:00.000,13:20,QUEENS,11432.0,40.7087,-73.79931,"(40.7087, -73.79931)",HILLSIDE AVENUE                 ,163 STREET,,0,0,0,0,0,0,0,0,Driver Inattention/Distraction,Unspecified,,,,4382009,Station Wagon/Sport Utility Vehicle,Ambulance,,,
2021-01-06T00:00:00.000,15:42,QUEENS,11432.0,40.70375,-73.79916,"(40.70375, -73.79916)",JAMAICA AVENUE                  ,160 STREET,,0,0,0,0,0,0,0,0,Unspecified,,,,,4382010,Sedan,Sedan,,,
2021-01-05T00:00:00.000,12:15,,,40.68484,-73.80607,"(40.68484, -73.80607)",VANWYCK EXPRESSWAY              ,111 AVENUE,,0,0,0,0,0,0,0,0,Passing or Lane Usage Improper,Unspecified,,,,4382012,Sedan,,,,
2021-01-02T00:00:00.000,4:40,QUEENS,11423.0,40.70916,-73.775894,"(40.70916, -73.775894)",,,184-05    JAMAICA AVENUE                ,1,0,0,0,0,0,1,0,Illnes,Unspecified,Unspecified,Unspecified,Unspecified,4382013,Ambulance,Station Wagon/Sport Utility Vehicle,Sedan,Pick-up Truck,Station Wagon/Sport Utility Vehicle
2021-01-06T00:00:00.000,11:50,BROOKLYN,11229.0,40.605507,-73.96032,"(40.605507, -73.96032)",,,1230      AVENUE R                      ,0,0,0,0,0,0,0,0,Unspecified,,,,,4382014,Pick-up Truck,,,,
2021-01-06T00:00:00.000,14:04,BROOKLYN,11223.0,40.60119,-73.96845,"(40.60119, -73.96845)",,,2011      EAST 4 STREET                 ,0,0,0,0,0,0,0,0,Unspecified,Unspecified,,,,4382015,Station Wagon/Sport Utility Vehicle,Station Wagon/Sport Utility Vehicle,,,
2021-01-06T00:00:00.000,10:40,BROOKLYN,11235.0,40.58581,-73.952995,"(40.58581, -73.952995)",EAST 16 STREET                  ,VOORHIES AVENUE,,0,0,0,0,0,0,0,0,Driver Inattention/Distraction,Unspecified,,,,4382016,Sedan,Sedan,,,
2021-01-04T00:00:00.000,16:00,,,40.682987,-73.92002,"(40.682987, -73.92002)",DECATUR STREET                  ,,,1,0,0,0,0,0,1,0,Aggressive Driving/Road Rage,Unspecified,Unspecified,Unspecified,Unspecified,4382018,Station Wagon/Sport Utility Vehicle,Station Wagon/Sport Utility Vehicle,Station Wagon/Sport Utility Vehicle,Station Wagon/Sport Utility Vehicle,Station Wagon/Sport Utility Vehicle
2021-01-06T00:00:00.000,15:53,MANHATTAN,10027.0,40.8109,-73.95294,"(40.8109, -73.95294)",,,356       WEST 125 STREET               ,0,0,0,0,0,0,0,0,,,,,,4382019,Sedan,,,,
2021-01-06T00:00:00.000,16:00,,,40.778458,-73.76832,"(40.778458, -73.76832)",CROSS ISLAND PARKWAY            ,,,0,0,0,0,0,0,0,0,Driver Inattention/Distraction,Unspecified,,,,4382020,Sedan,Station Wagon/Sport Utility Vehicle,,,
2021-01-02T00:00:00.000,23:50,,,40.85475,-73.92344,"(40.85475, -73.92344)",HARLEM RIVER DRIVE              ,,,0,0,0,0,0,0,0,0,Passing or Lane Usage Improper,Unspecified,,,,4382021,Sedan,Station Wagon/Sport Utility Vehicle,,,
2021-01-06T00:00:00.000,14:00,,,40.801125,-73.92988,"(40.801125, -73.92988)",FDR DRIVE                       ,,,1,0,0,0,0,0,1,0,Driver Inattention/Distraction,Unspecified,,,,4382022,Sedan,Station Wagon/Sport Utility Vehicle,,,
